stress,q0,w0_scale,n0,w0,z0,classification,basin_label,tail_mean_w,tail_mean_q,q_change,selection_gradient_tail_mean,predator_growth_factor_tail_mean,relative_change_between_last_windows,physical,notes
0.1584375,0.0,0.02,4.8333333333389445,0.012833333333268906,1.8204999999944536,persistent_steady,persistent_basin,1.3093869639073143,0.0,0.0,0.20031608917217897,-5.4518803737642254e-14,3.041569943588796e-12,True,steady_by_tail_change_and_rhs_residual
0.1584375,0.0,0.05,4.8333333333389445,0.032083333333172266,1.8012499999945502,persistent_steady,persistent_basin,1.3093869638963085,0.0,0.0,0.20031608916949,2.1116188358914237e-12,-5.265590777801903e-10,True,steady_by_tail_change_and_rhs_residual
0.1584375,0.0,0.1,4.8333333333389445,0.06416666666634453,1.769166666661378,persistent_steady,persistent_basin,1.309386963907042,0.0,0.0,0.20031608917211238,-9.20388593871349e-16,6.274425062024268e-15,True,steady_by_tail_change_and_rhs_residual
0.1584375,0.0,0.2,4.8333333333389445,0.12833333333268906,1.7049999999950334,persistent_steady,persistent_basin,1.309386963907038,0.0,0.0,0.20031608917211152,-1.5214167374492887e-16,-4.9177926161811434e-15,True,steady_by_tail_change_and_rhs_residual
0.1584375,0.0,0.5,4.8333333333389445,0.32083333333172265,1.5124999999959998,persistent_steady,persistent_basin,1.3093869639070377,0.0,0.0,0.2003160891721114,-7.127357688951622e-17,0.0,True,steady_by_tail_change_and_rhs_residual
0.1584375,0.0,1.0,4.8333333333389445,0.6416666666634453,1.1916666666642772,persistent_steady,persistent_basin,1.3093869639070501,0.0,0.0,0.2003160891721144,-2.558310216620808e-15,-1.149745997851868e-13,True,steady_by_tail_change_and_rhs_residual
0.1584375,0.0,1.5,4.8333333333389445,0.962499999995168,0.8708333333325544,persistent_steady,persistent_basin,1.3093869639070383,0.0,0.0,0.20031608917211147,-1.8366652506144565e-16,-1.3566324458430784e-15,True,steady_by_tail_change_and_rhs_residual
0.1584375,0.1,0.02,4.8333333333389445,0.012833333333268906,1.8204999999944536,persistent_steady,persistent_basin,0.6416650911916846,0.21415089503767898,0.11415089503767897,-5.066701297269985e-07,4.397234695293669e-08,0.0010831754837201972,True,steady_by_tail_change_and_rhs_residual
0.1584375,0.1,0.05,4.8333333333389445,0.032083333333172266,1.8012499999945502,persistent_steady,persistent_basin,0.6416667618525792,0.21415078548898472,0.11415078548898472,3.0612077996626124e-08,-2.654726687450009e-09,-6.630229729249473e-05,True,steady_by_tail_change_and_rhs_residual
0.1584375,0.1,0.1,4.8333333333389445,0.06416666666634453,1.769166666661378,persistent_steady,persistent_basin,0.6416666574213665,0.21415079359029826,0.11415079359029826,-3.012699264271083e-09,-1.45381527118632e-10,-3.9710533024605185e-06,True,steady_by_tail_change_and_rhs_residual
0.1584375,0.1,0.2,4.8333333333389445,0.12833333333268906,1.7049999999950334,persistent_steady,persistent_basin,0.6416666619736553,0.21415079195002096,0.11415079195002095,-1.5080861271710978e-09,1.6288853599277786e-10,3.6705615206714534e-06,True,steady_by_tail_change_and_rhs_residual
0.1584375,0.1,0.5,4.8333333333389445,0.32083333333172265,1.5124999999959998,persistent_steady,persistent_basin,0.6416666668234434,0.21415079149053526,0.11415079149053525,5.788184609252837e-11,7.203127018034159e-11,1.1916750552376194e-06,True,steady_by_tail_change_and_rhs_residual
0.1584375,0.1,1.0,4.8333333333389445,0.6416666666634453,1.1916666666642772,persistent_steady,persistent_basin,0.6416666669324569,0.2141507915297616,0.1141507915297616,9.147548288119454e-11,5.3985928210673494e-11,4.779356822080026e-07,True,steady_by_tail_change_and_rhs_residual
0.1584375,0.1,1.5,4.8333333333389445,0.962499999995168,0.8708333333325544,persistent_steady,persistent_basin,0.6416666672921167,0.21415079153737582,0.11415079153737581,2.061553061320039e-10,3.3855404076895734e-11,2.884157934375822e-07,True,steady_by_tail_change_and_rhs_residual
0.1584375,0.2,0.02,4.8333333333389445,0.012833333333268906,1.8204999999944536,declining_transient,transient_basin,0.6416909821597249,0.21414936058026465,0.014149360580264642,7.814644662492476e-06,-7.318388225111509e-07,-0.032824195692148346,True,window_change_indicates_transient
0.1584375,0.2,0.05,4.8333333333389445,0.032083333333172266,1.8012499999945502,persistent_steady,persistent_basin,0.641666096140648,0.21415078223114475,0.014150782231144743,-1.8199952515913146e-07,3.110198620561968e-08,0.0007541132641979301,True,steady_by_tail_change_and_rhs_residual
0.1584375,0.2,0.1,4.8333333333389445,0.06416666666634453,1.769166666661378,persistent_steady,persistent_basin,0.6416667054734273,0.21415079207793336,0.01415079207793335,1.2389135161530969e-08,-2.016689362487279e-09,-4.784222602932861e-05,True,steady_by_tail_change_and_rhs_residual
0.1584375,0.2,0.2,4.8333333333389445,0.12833333333268906,1.7049999999950334,persistent_steady,persistent_basin,0.6416666620791471,0.21415079189612854,0.014150791896128528,-1.4709429216502113e-09,1.7393024640571455e-10,3.5910133314538015e-06,True,steady_by_tail_change_and_rhs_residual
0.1584375,0.2,0.5,4.8333333333389445,0.32083333333172265,1.5124999999959998,persistent_steady,persistent_basin,0.6416666669213925,0.21415079165169987,0.014150791651699857,8.402045451701335e-11,1.5128232685772624e-11,-2.173966863408865e-07,True,steady_by_tail_change_and_rhs_residual
0.1584375,0.2,1.0,4.8333333333389445,0.6416666666634453,1.1916666666642772,persistent_steady,persistent_basin,0.6416666664219123,0.21415079181177557,0.01415079181177556,-8.056887530252765e-11,-1.2167239095537436e-11,-6.218716966241512e-08,True,steady_by_tail_change_and_rhs_residual
0.1584375,0.2,1.5,4.8333333333389445,0.962499999995168,0.8708333333325544,persistent_steady,persistent_basin,0.6416666664916215,0.2141507917038191,0.014150791703819082,-5.488382108183909e-11,1.9333065669630893e-11,5.768270507503339e-08,True,steady_by_tail_change_and_rhs_residual
0.1584375,0.3,0.02,4.8333333333389445,0.012833333333268906,1.8204999999944536,declining_transient,transient_basin,0.6413761629972525,0.21431315831369596,-0.08568684168630403,-9.804325212956036e-05,-3.870733113387371e-05,-0.3065891911836535,True,window_change_indicates_transient
0.1584375,0.3,0.05,4.8333333333389445,0.032083333333172266,1.8012499999945502,declining_transient,transient_basin,0.6417039008737071,0.21414233193434476,-0.08585766806565523,1.2164528111949612e-05,9.070345394562656e-07,-0.08590223613732252,True,window_change_indicates_transient
0.1584375,0.3,0.1,4.8333333333389445,0.06416666666634453,1.769166666661378,persistent_steady,persistent_basin,0.6416649054815639,0.21415135035701033,-0.08584864964298966,-5.804006507214721e-07,-9.420325126650606e-08,-0.0023623605097321905,True,steady_by_tail_change_and_rhs_residual
0.1584375,0.3,0.2,4.8333333333389445,0.12833333333268906,1.7049999999950334,persistent_steady,persistent_basin,0.6416668112527001,0.2141507640487245,-0.0858492359512755,4.775351828576633e-08,1.3800012603841865e-09,3.9039824221960766e-05,True,steady_by_tail_change_and_rhs_residual
0.1584375,0.3,0.5,4.8333333333389445,0.32083333333172265,1.5124999999959998,persistent_steady,persistent_basin,0.6416666599023401,0.2141507921270544,-0.08584920787294559,-2.17372443227723e-09,2.0611195774813654e-10,3.94941589719728e-06,True,steady_by_tail_change_and_rhs_residual
0.1584375,0.3,1.0,4.8333333333389445,0.6416666666634453,1.1916666666642772,persistent_steady,persistent_basin,0.6416666644690912,0.21415079185650102,-0.08584920814349897,-7.105402117160263e-10,7.249250068543358e-11,3.00311285482047e-06,True,steady_by_tail_change_and_rhs_residual
0.1584375,0.3,1.5,4.8333333333389445,0.962499999995168,0.8708333333325544,persistent_steady,persistent_basin,0.6416666622568893,0.21415079191909964,-0.08584920808090035,-1.4148068203958091e-09,1.5771971520301607e-10,3.7871197341757826e-06,True,steady_by_tail_change_and_rhs_residual
0.1584375,0.4,0.02,4.8333333333389445,0.012833333333268906,1.8204999999944536,declining_transient,transient_basin,0.8095155231006995,0.17962228358500465,-0.22037771641499537,0.0527867409584559,-0.0014070022102088138,-0.3574963144049538,True,window_change_indicates_transient
0.1584375,0.4,0.05,4.8333333333389445,0.032083333333172266,1.8012499999945502,declining_transient,transient_basin,0.6662164121215737,0.2114966396405338,-0.18850336035946622,0.007858486779657255,-0.0005675553707199548,-0.4046949312890126,True,window_change_indicates_transient
0.1584375,0.4,0.1,4.8333333333389445,0.06416666666634453,1.769166666661378,declining_transient,transient_basin,0.6415872687771211,0.21431721889160277,-0.18568278110839725,-3.076634852868908e-05,-5.066940592205944e-05,-0.3141056104748263,True,window_change_indicates_transient
0.1584375,0.4,0.2,4.8333333333389445,0.12833333333268906,1.7049999999950334,declining_transient,transient_basin,0.6415306577822408,0.21414637459795957,-0.18585362540204045,-4.332452082932371e-05,8.086162924037172e-06,-0.157280533884992,True,window_change_indicates_transient
0.1584375,0.4,0.5,4.8333333333389445,0.32083333333172265,1.5124999999959998,declining_transient,transient_basin,0.6416820119159293,0.21415043462824093,-0.1858495653717591,4.914522928077965e-06,-6.385149183552041e-07,-0.02276946907497734,True,window_change_indicates_transient
0.1584375,0.4,1.0,4.8333333333389445,0.6416666666634453,1.1916666666642772,persistent_steady,persistent_basin,0.6416694359408862,0.21415134863941593,-0.1858486513605841,8.672629299422963e-07,-3.1623431225773025e-07,-0.008838359907075833,True,steady_by_tail_change_and_rhs_residual
0.1584375,0.4,1.5,4.8333333333389445,0.962499999995168,0.8708333333325544,persistent_steady,persistent_basin,0.6416746149493242,0.2141510676137492,-0.18584893238625083,2.5309745564279147e-06,-4.797931100293718e-07,-0.014766335267171197,True,steady_by_tail_change_and_rhs_residual
0.1584375,0.5,0.02,4.8333333333389445,0.012833333333268906,1.8204999999944536,recovery_transient,transient_basin,1.2434127054141688,0.032670639698096464,-0.46732936030190353,0.1823202279145959,-0.00047569707322323566,0.26163057654579613,True,window_change_indicates_transient
0.1584375,0.5,0.05,4.8333333333389445,0.032083333333172266,1.8012499999945502,declining_transient,transient_basin,1.0914399305020328,0.09316765116083389,-0.4068323488391661,0.13825368397949167,-0.0012681621687731,-0.1180194179075395,True,window_change_indicates_transient
0.1584375,0.5,0.1,4.8333333333389445,0.06416666666634453,1.769166666661378,declining_transient,transient_basin,0.9262093748851294,0.1467755439888381,-0.3532244560111619,0.08853469051842798,-0.0015584633585226655,-0.2805607232812077,True,window_change_indicates_transient
0.1584375,0.5,0.2,4.8333333333389445,0.12833333333268906,1.7049999999950334,declining_transient,transient_basin,0.7839195091268987,0.18621753661900556,-0.31378246338099447,0.04486484909822125,-0.0013318166879144166,-0.3725814043746493,True,window_change_indicates_transient
0.1584375,0.5,0.5,4.8333333333389445,0.32083333333172265,1.5124999999959998,declining_transient,transient_basin,0.6893615184317644,0.207506782959273,-0.292493217040727,0.015226639746100317,-0.0008182201207122099,-0.4101713654367963,True,window_change_indicates_transient
0.1584375,0.5,1.0,4.8333333333389445,0.6416666666634453,1.1916666666642772,declining_transient,transient_basin,0.6759730463608781,0.20990980119446506,-0.29009019880553494,0.010970692809473808,-0.000685602677984033,-0.40896002017499655,True,window_change_indicates_transient
0.1584375,0.5,1.5,4.8333333333389445,0.962499999995168,0.8708333333325544,declining_transient,transient_basin,0.6831527048823999,0.20864978553631056,-0.29135021446368947,0.013255078589908296,-0.0007601864757131248,-0.41009704677414077,True,window_change_indicates_transient
0.1584375,0.6,0.02,4.8333333333389445,0.012833333333268906,1.8204999999944536,recovery_transient,transient_basin,1.308563649678911,0.0004462883507327866,-0.5995537116492672,0.2000985936047878,-6.2599527559875015e-06,6.2652256858391695,True,window_change_indicates_transient
0.1584375,0.6,0.05,4.8333333333389445,0.032083333333172266,1.8012499999945502,recovery_transient,transient_basin,1.3053247417331006,0.0021911617753646983,-0.5978088382246353,0.1992409044320316,-3.098272718689819e-05,1.9255587257850917,True,window_change_indicates_transient
0.1584375,0.6,0.1,4.8333333333389445,0.06416666666634453,1.769166666661378,recovery_transient,transient_basin,1.2969136597089763,0.006641414189444301,-0.5933585858105557,0.19699886942359046,-9.453183420453113e-05,1.0443032912883117,True,window_change_indicates_transient
0.1584375,0.6,0.2,4.8333333333389445,0.12833333333268906,1.7049999999950334,recovery_transient,transient_basin,1.2766892721857896,0.016907397231008855,-0.5830926027689911,0.19152830867440396,-0.00024362714816010596,0.5972302201441841,True,window_change_indicates_transient
0.1584375,0.6,0.5,4.8333333333389445,0.32083333333172265,1.5124999999959998,recovery_transient,transient_basin,1.2343414256686225,0.03676087593872967,-0.5632391240612703,0.17977234944230858,-0.0005357716388878553,0.3035538282565087,True,window_change_indicates_transient
0.1584375,0.6,1.0,4.8333333333389445,0.6416666666634453,1.1916666666642772,recovery_transient,transient_basin,1.2205386517695231,0.04283607260772898,-0.557163927392271,0.1758687766554233,-0.0006243625301792455,0.25440528514365507,True,window_change_indicates_transient
0.1584375,0.6,1.5,4.8333333333389445,0.962499999995168,0.8708333333325544,recovery_transient,transient_basin,1.2283229388091883,0.039431153941832664,-0.5605688460581673,0.17807407347204246,-0.0005748253682563514,0.293212763484615,True,window_change_indicates_transient
0.1584375,0.7,0.02,4.8333333333389445,0.012833333333268906,1.8204999999944536,recovery_transient,transient_basin,0.4627161896120895,4.594771812516848e-06,-0.6999954052281875,-0.05320327300130105,0.014816168000482927,635.9270478192462,True,window_change_indicates_transient
0.1584375,0.7,0.05,4.8333333333389445,0.032083333333172266,1.8012499999945502,recovery_transient,transient_basin,0.7230575876889069,8.903269241371935e-06,-0.6999910967307585,0.02489801665752847,0.012467234537178488,400.4506138475403,True,window_change_indicates_transient
0.1584375,0.7,0.1,4.8333333333389445,0.06416666666634453,1.769166666661378,recovery_transient,transient_basin,0.9054159399655267,2.094671504674636e-05,-0.6999790532849532,0.07960372973643401,0.01061935856235268,254.35836380472975,True,window_change_indicates_transient
0.1584375,0.7,0.2,4.8333333333389445,0.12833333333268906,1.7049999999950334,recovery_transient,transient_basin,1.0626893203390426,5.182460093951759e-05,-0.6999481753990604,0.12678182838952853,0.008673497925444786,154.94654556835732,True,window_change_indicates_transient
0.1584375,0.7,0.5,4.8333333333389445,0.32083333333172265,1.5124999999959998,recovery_transient,transient_basin,1.199488941904373,0.00012507254698543855,-0.6998749274530145,0.16780692159414298,0.006163741459827268,84.7088560180397,True,window_change_indicates_transient
0.1584375,0.7,1.0,4.8333333333389445,0.6416666666634453,1.1916666666642772,recovery_transient,transient_basin,1.2245672381704864,0.0001529011941164839,-0.6998470988058835,0.17532214786343353,0.005472685455382309,72.59075602441872,True,window_change_indicates_transient
0.1584375,0.7,1.5,4.8333333333389445,0.962499999995168,0.8708333333325544,recovery_transient,transient_basin,1.2052765915126915,0.00013778378462193987,-0.699862216215378,0.16954211849961648,0.006015212870698351,81.90738760485478,True,window_change_indicates_transient
0.1584375,0.8,0.02,4.8333333333389445,0.012833333333268906,1.8204999999944536,recovery_transient,transient_basin,0.0004703721966476074,5.636995244279417e-06,-0.7999943630047558,-0.19235868232491574,0.01078905546426419,4.642303819997883,True,window_change_indicates_transient
0.1584375,0.8,0.05,4.8333333333389445,0.032083333333172266,1.8012499999945502,recovery_transient,transient_basin,0.0011455484796607665,5.653597708886113e-06,-0.7999943464022912,-0.1921552475881675,0.010923466024082765,11.309930706377926,True,window_change_indicates_transient
0.1584375,0.8,0.1,4.8333333333389445,0.06416666666634453,1.769166666661378,recovery_transient,transient_basin,0.0021897687380358416,5.680297159817517e-06,-0.7999943197028402,-0.1918405166909574,0.011130514102735434,21.630780317083552,True,window_change_indicates_transient
0.1584375,0.8,0.2,4.8333333333389445,0.12833333333268906,1.7049999999950334,recovery_transient,transient_basin,0.003989131666399773,5.730361958492371e-06,-0.7999942696380415,-0.19129786948540342,0.01148470338127645,39.43789119924668,True,window_change_indicates_transient
0.1584375,0.8,0.5,4.8333333333389445,0.32083333333172265,1.5124999999959998,recovery_transient,transient_basin,0.007253253750952114,5.8593845431201945e-06,-0.7999941406154569,-0.19031231961013634,0.01211746899629103,71.802091704295,True,window_change_indicates_transient
0.1584375,0.8,1.0,4.8333333333389445,0.6416666666634453,1.1916666666642772,recovery_transient,transient_basin,0.008302745633672939,6.0249299737949335e-06,-0.7999939750700262,-0.18999508510299032,0.012317810570667068,82.22199743346346,True,window_change_indicates_transient
0.1584375,0.8,1.5,4.8333333333389445,0.962499999995168,0.8708333333325544,recovery_transient,transient_basin,0.007557079813871628,6.151072403489482e-06,-0.7999938489275965,-0.19022051687940764,0.012175607187159451,74.8179727181861,True,window_change_indicates_transient
0.1584375,0.9,0.02,4.8333333333389445,0.012833333333268906,1.8204999999944536,extinct_steady,extinct_basin,1.4521721536309868e-07,9.945994130553613e-06,-0.8999900540058695,-0.19250062750414393,0.0106947088136131,0.0014328301438921037,True,steady_by_tail_change_and_rhs_residual
0.1584375,0.9,0.05,4.8333333333389445,0.032083333333172266,1.8012499999945502,extinct_steady,extinct_basin,3.493550340299802e-07,9.967645228656618e-06,-0.8999900323547714,-0.19250056759930506,0.010694747243334841,0.003447020953259273,True,steady_by_tail_change_and_rhs_residual
0.1584375,0.9,0.1,4.8333333333389445,0.06416666666634453,1.769166666661378,extinct_steady,extinct_basin,6.338798200887387e-07,1.000284785881937e-05,-0.8999899971521412,-0.1925004839209746,0.010694799557992327,0.006254370360416599,True,steady_by_tail_change_and_rhs_residual
0.1584375,0.9,0.2,4.8333333333389445,0.12833333333268906,1.7049999999950334,extinct_steady,extinct_basin,1.0867493285963289e-06,1.0069832613528133e-05,-0.8999899301673865,-0.19250035216913988,0.010694882442164294,0.010722747362095596,True,steady_by_tail_change_and_rhs_residual
0.1584375,0.9,0.5,4.8333333333389445,0.32083333333172265,1.5124999999959998,extinct_steady,extinct_basin,1.737114345965488e-06,1.024834965581887e-05,-0.8999897516503442,-0.19250016871087036,0.010694992171631598,0.01713977502065599,True,steady_by_tail_change_and_rhs_residual
0.1584375,0.9,1.0,4.8333333333389445,0.6416666666634453,1.1916666666642772,extinct_steady,extinct_basin,1.9297809479840386e-06,1.0489144383372065e-05,-0.8999895108556166,-0.19250012654888898,0.010695002253749192,0.019040770555779525,True,steady_by_tail_change_and_rhs_residual
0.1584375,0.9,1.5,4.8333333333389445,0.962499999995168,0.8708333333325544,extinct_steady,extinct_basin,1.8062500177445206e-06,1.0680544552153505e-05,-0.8999893194554479,-0.19250017668747454,0.01069495539029304,0.017821908328445088,True,steady_by_tail_change_and_rhs_residual
0.16486816,0.0,0.02,4.8333333333389445,0.012833333333268906,1.8204999999944536,persistent_steady,persistent_basin,1.2791728418511716,0.0,0.0,0.1912518525553433,-3.056951125705539e-14,6.209118313268094e-13,True,steady_by_tail_change_and_rhs_residual
0.16486816,0.0,0.05,4.8333333333389445,0.032083333333172266,1.8012499999945502,persistent_steady,persistent_basin,1.2791728418510087,0.0,0.0,0.19125185255530258,1.4665909090727378e-16,8.679226045939384e-16,True,steady_by_tail_change_and_rhs_residual
0.16486816,0.0,0.1,4.8333333333389445,0.06416666666634453,1.769166666661378,persistent_steady,persistent_basin,1.279172841851262,0.0,0.0,0.19125185255536578,-4.7555923533820285e-14,2.059233171663409e-12,True,steady_by_tail_change_and_rhs_residual
0.16486816,0.0,0.2,4.8333333333389445,0.12833333333268906,1.7049999999950334,persistent_steady,persistent_basin,1.2791728418519843,0.0,0.0,0.19125185255554591,-1.83354703162554e-13,1.0018083456781963e-10,True,steady_by_tail_change_and_rhs_residual
0.16486816,0.0,0.5,4.8333333333389445,0.32083333333172265,1.5124999999959998,persistent_steady,persistent_basin,1.2791728418510093,0.0,0.0,0.19125185255530272,-2.946888275239613e-17,-1.0415071255127237e-15,True,steady_by_tail_change_and_rhs_residual
0.16486816,0.0,1.0,4.8333333333389445,0.6416666666634453,1.1916666666642772,persistent_steady,persistent_basin,1.279172841850998,0.0,0.0,0.19125185255529992,2.1327247238478316e-15,-1.4754684278096844e-14,True,steady_by_tail_change_and_rhs_residual
0.16486816,0.0,1.5,4.8333333333389445,0.962499999995168,0.8708333333325544,persistent_steady,persistent_basin,1.2791728418510089,0.0,0.0,0.19125185255530278,3.769275700887877e-17,1.041507125512726e-15,True,steady_by_tail_change_and_rhs_residual
0.16486816,0.1,0.02,4.8333333333389445,0.012833333333268906,1.8204999999944536,declining_transient,transient_basin,0.6410485861889248,0.19558349474051265,0.09558349474051264,-0.00019766736771897954,1.459856478021652e-05,-0.21243659446583085,True,window_change_indicates_transient
0.16486816,0.1,0.05,4.8333333333389445,0.032083333333172266,1.8012499999945502,persistent_steady,persistent_basin,0.6416644478153792,0.19554272727573113,0.09554272727573113,-7.069248972148947e-07,7.890904542096341e-08,0.0012488423425389928,True,steady_by_tail_change_and_rhs_residual
0.16486816,0.1,0.1,4.8333333333389445,0.06416666666634453,1.769166666661378,persistent_steady,persistent_basin,0.641666724483355,0.1955426647026197,0.09554266470261968,1.823542295285743e-08,-3.958038845920372e-09,-5.925841004609113e-05,True,steady_by_tail_change_and_rhs_residual
0.16486816,0.1,0.2,4.8333333333389445,0.12833333333268906,1.7049999999950334,persistent_steady,persistent_basin,0.6416666485088601,0.19554266164124304,0.09554266164124303,-5.801962482471018e-09,4.72053887405844e-10,7.533029661170641e-06,True,steady_by_tail_change_and_rhs_residual
0.16486816,0.1,0.5,4.8333333333389445,0.32083333333172265,1.5124999999959998,persistent_steady,persistent_basin,0.6416666670248132,0.19554266008304225,0.09554266008304224,1.2310308945057752e-10,1.412295722755972e-10,2.024814212596323e-06,True,steady_by_tail_change_and_rhs_residual
0.16486816,0.1,1.0,4.8333333333389445,0.6416666666634453,1.1916666666642772,persistent_steady,persistent_basin,0.6416666685940223,0.19554266006977672,0.09554266006977671,6.275753346351723e-10,7.048644452748264e-11,5.039240577935901e-07,True,steady_by_tail_change_and_rhs_residual
0.16486816,0.1,1.5,4.8333333333389445,0.962499999995168,0.8708333333325544,persistent_steady,persistent_basin,0.6416666687386757,0.19554266020247768,0.09554266020247767,6.693533690279215e-10,2.1039841336931325e-11,1.3865219578913293e-07,True,steady_by_tail_change_and_rhs_residual
0.16486816,0.2,0.02,4.8333333333389445,0.012833333333268906,1.8204999999944536,declining_transient,transient_basin,0.9932650809973507,0.11108444053206239,-0.08891555946793762,0.10849216095280542,-0.001414818897185118,-0.21516860414137504,True,window_change_indicates_transient
0.16486816,0.2,0.05,4.8333333333389445,0.032083333333172266,1.8012499999945502,declining_transient,transient_basin,0.6410595403618742,0.19572131927553582,-0.00427868072446419,-0.000198560992594183,-3.0677246400369805e-05,-0.2900268483493745,True,window_change_indicates_transient
0.16486816,0.2,0.1,4.8333333333389445,0.06416666666634453,1.769166666661378,persistent_steady,persistent_basin,0.6416619956544934,0.1955434492250166,-0.004456550774983414,-1.508565247787393e-06,-4.341949885367506e-08,-0.0003571273610422554,True,steady_by_tail_change_and_rhs_residual
0.16486816,0.2,0.2,4.8333333333389445,0.12833333333268906,1.7049999999950334,persistent_steady,persistent_basin,0.6416666545859672,0.19554266644042875,-0.004457333559571258,-4.0224098592411554e-09,-1.354504027458366e-09,-1.801037820895475e-05,True,steady_by_tail_change_and_rhs_residual
0.16486816,0.2,0.5,4.8333333333389445,0.32083333333172265,1.5124999999959998,persistent_steady,persistent_basin,0.6416666680539145,0.19554266026172695,-0.004457339738273058,4.499736598418121e-10,3.289636601531033e-11,-3.158996299679127e-07,True,steady_by_tail_change_and_rhs_residual
0.16486816,0.2,1.0,4.8333333333389445,0.6416666666634453,1.1916666666642772,persistent_steady,persistent_basin,0.6416666677444872,0.19554266043804824,-0.0044573395619517675,3.4613978213186246e-10,-1.0087776293311713e-11,5.657248123605853e-08,True,steady_by_tail_change_and_rhs_residual
0.16486816,0.2,1.5,4.8333333333389445,0.962499999995168,0.8708333333325544,persistent_steady,persistent_basin,0.6416666656237566,0.19554266055300817,-0.004457339446991837,-3.311283620413518e-10,4.878414887418315e-11,4.954495237240152e-07,True,steady_by_tail_change_and_rhs_residual
0.16486816,0.3,0.02,4.8333333333389445,0.012833333333268906,1.8204999999944536,recovery_transient,transient_basin,1.2784506983840378,0.0003740991815664725,-0.29962590081843354,0.19105878202972526,-5.395572766856522e-06,2.699397851071767,True,window_change_indicates_transient
0.16486816,0.3,0.05,4.8333333333389445,0.032083333333172266,1.8012499999945502,recovery_transient,transient_basin,1.2313338545307153,0.023192620236748528,-0.2768073797632515,0.17817641357348474,-0.0003430052341599813,0.17496591831771774,True,window_change_indicates_transient
0.16486816,0.3,0.1,4.8333333333389445,0.06416666666634453,1.769166666661378,declining_transient,transient_basin,0.8670319515915476,0.14768739517650672,-0.15231260482349326,0.07019104305627911,-0.001466484159208649,-0.30466013397268965,True,window_change_indicates_transient
0.16486816,0.3,0.2,4.8333333333389445,0.12833333333268906,1.7049999999950334,declining_transient,transient_basin,0.6408754824413918,0.19569804109545355,-0.10430195890454644,-0.0002562790889751159,-1.4668824393625641e-05,-0.27661642340301934,True,window_change_indicates_transient
0.16486816,0.3,0.5,4.8333333333389445,0.32083333333172265,1.5124999999959998,persistent_steady,persistent_basin,0.6416667115187166,0.19554257988452708,-0.1044574201154729,1.6782984140288975e-08,2.404701830561863e-08,0.000330760047119034,True,steady_by_tail_change_and_rhs_residual
0.16486816,0.3,1.0,4.8333333333389445,0.6416666666634453,1.1916666666642772,persistent_steady,persistent_basin,0.6416667947137193,0.1955426592166186,-0.1044573407833814,4.071685115064684e-08,-5.3650349039911935e-09,-8.528627132191731e-05,True,steady_by_tail_change_and_rhs_residual
0.16486816,0.3,1.5,4.8333333333389445,0.962499999995168,0.8708333333325544,persistent_steady,persistent_basin,0.6416669443147566,0.1955426390505771,-0.1044573609494229,8.891414787085235e-08,-5.650739748204784e-09,-9.997055565180452e-05,True,steady_by_tail_change_and_rhs_residual
0.16486816,0.4,0.02,4.8333333333389445,0.012833333333268906,1.8204999999944536,recovery_transient,transient_basin,0.23884911676284076,1.4741141428800959e-06,-0.39999852588585716,-0.12037909542835665,0.012957221626251667,82.15449833596816,True,window_change_indicates_transient
0.16486816,0.4,0.05,4.8333333333389445,0.032083333333172266,1.8012499999945502,recovery_transient,transient_basin,0.9037650580338508,8.211866105812278e-06,-0.3999917881338942,0.07908927192571208,0.009186343806821741,90.85075197639411,True,window_change_indicates_transient
0.16486816,0.4,0.1,4.8333333333389445,0.06416666666634453,1.769166666661378,recovery_transient,transient_basin,1.2788502595300644,0.00015857639435250435,-0.3998414236056475,0.19116592585942072,8.45152726244892e-07,8.429953886892083,True,window_change_indicates_transient
0.16486816,0.4,0.2,4.8333333333389445,0.12833333333268906,1.7049999999950334,recovery_transient,transient_basin,1.2734405600824075,0.0029468669017788797,-0.39705313309822116,0.1897152185861108,-4.266730140461012e-05,1.0610312982245638,True,window_change_indicates_transient
0.16486816,0.4,0.5,4.8333333333389445,0.32083333333172265,1.5124999999959998,declining_transient,transient_basin,1.1718256564548577,0.048564421673130846,-0.35143557832686917,0.16129543196642698,-0.0007192185301731162,0.046626032840739046,True,window_change_indicates_transient
0.16486816,0.4,1.0,4.8333333333389445,0.6416666666634453,1.1916666666642772,declining_transient,transient_basin,1.0832577074191259,0.08155567288268155,-0.31844432711731846,0.13538596763486044,-0.0011517863338452673,-0.11863964179465981,True,window_change_indicates_transient
0.16486816,0.4,1.5,4.8333333333389445,0.962499999995168,0.8708333333325544,declining_transient,transient_basin,1.1210717415357412,0.0680385716999589,-0.3319614283000411,0.14653527151300724,-0.000987143094260647,-0.04755387859295068,True,window_change_indicates_transient
0.16486816,0.5,0.02,4.8333333333389445,0.012833333333268906,1.8204999999944536,recovery_transient,transient_basin,0.0017031761337961526,1.9520932032247677e-06,-0.49999804790679675,-0.19198826243664452,0.004606094147069896,5.041341303456641,True,window_change_indicates_transient
0.16486816,0.5,0.05,4.8333333333389445,0.032083333333172266,1.8012499999945502,recovery_transient,transient_basin,0.00484974864137526,1.9731387884678844e-06,-0.49999802686121153,-0.1910421047128026,0.005232281670679218,5.937590765629273,True,window_change_indicates_transient
0.16486816,0.5,0.1,4.8333333333389445,0.06416666666634453,1.769166666661378,recovery_transient,transient_basin,0.013106668921650654,2.0091805942600364e-06,-0.4999979908194057,-0.1885552481733947,0.006841655215056641,8.534049836079774,True,window_change_indicates_transient
0.16486816,0.5,0.2,4.8333333333389445,0.12833333333268906,1.7049999999950334,recovery_transient,transient_basin,0.18210449196666634,2.1063121762559198e-06,-0.49999789368782377,-0.13740236627108857,0.013204164637341025,68.34789055450128,True,window_change_indicates_transient
0.16486816,0.5,0.5,4.8333333333389445,0.32083333333172265,1.5124999999959998,recovery_transient,transient_basin,0.5948808302800395,3.437773133472441e-06,-0.4999965622268665,-0.013571473603651815,0.011223960102205487,112.32372209766051,True,window_change_indicates_transient
0.16486816,0.5,1.0,4.8333333333389445,0.6416666666634453,1.1916666666642772,recovery_transient,transient_basin,0.6900318296976655,4.8917217384678756e-06,-0.49999510827826155,0.014972959000752701,0.010676933382513602,108.99055036469463,True,window_change_indicates_transient
0.16486816,0.5,1.5,4.8333333333389445,0.962499999995168,0.8708333333325544,recovery_transient,transient_basin,0.6422644520521125,4.324693642529572e-06,-0.49999567530635747,0.0006432104083098575,0.010957874359347771,111.09482470017251,True,window_change_indicates_transient
0.16486816,0.6,0.02,4.8333333333389445,0.012833333333268906,1.8204999999944536,recovery_transient,transient_basin,0.000110596332289862,2.6968653709676173e-06,-0.599997303134629,-0.19246694873289877,0.00428705561208884,0.9087129854937501,True,window_change_indicates_transient
0.16486816,0.6,0.05,4.8333333333389445,0.032083333333172266,1.8012499999945502,recovery_transient,transient_basin,0.00026725119567886903,2.7087987031074413e-06,-0.5999972912012969,-0.19241987516006784,0.004318483084824964,2.199404198799515,True,window_change_indicates_transient
0.16486816,0.6,0.1,4.8333333333389445,0.06416666666634453,1.769166666661378,recovery_transient,transient_basin,0.0005045268692157178,2.7280065400377467e-06,-0.59999727199346,-0.1923485725240107,0.004366061392597722,4.162089802837596,True,window_change_indicates_transient
0.16486816,0.6,0.2,4.8333333333389445,0.12833333333268906,1.7049999999950334,recovery_transient,transient_basin,0.00089636956376815,2.7644997418516694e-06,-0.5999972355002581,-0.19223081548572402,0.004444574264178861,4.818613913622395,True,window_change_indicates_transient
0.16486816,0.6,0.5,4.8333333333389445,0.32083333333172265,1.5124999999959998,recovery_transient,transient_basin,0.0015593830991256314,2.860384090022543e-06,-0.59999713961591,-0.19203154598261798,0.004577242731711614,4.99981237297962,True,window_change_indicates_transient
0.16486816,0.6,1.0,4.8333333333389445,0.6416666666634453,1.1916666666642772,recovery_transient,transient_basin,0.0017788418218406112,2.98215863920225e-06,-0.5999970178413607,-0.19196558777411862,0.004621096966044725,5.0601332858202275,True,window_change_indicates_transient
0.16486816,0.6,1.5,4.8333333333389445,0.962499999995168,0.8708333333325544,recovery_transient,transient_basin,0.0016681712716701469,3.070054760507902e-06,-0.5999969299452395,-0.1919988599050205,0.004598967126845395,5.029379086284713,True,window_change_indicates_transient
0.16486816,0.7,0.02,4.8333333333389445,0.012833333333268906,1.8204999999944536,extinct_steady,extinct_basin,3.716549920720489e-06,3.790270594798103e-06,-0.6999962097294051,-0.1924991387368707,0.0042654793303436534,0.0305005417291231,True,steady_by_tail_change_and_rhs_residual
0.16486816,0.7,0.05,4.8333333333389445,0.032083333333172266,1.8012499999945502,extinct_steady,extinct_basin,8.853435918903152e-06,3.8022099871473817e-06,-0.6999961977900128,-0.1924975965911388,0.004266509755783222,0.0726611438683198,True,steady_by_tail_change_and_rhs_residual
0.16486816,0.7,0.1,4.8333333333389445,0.06416666666634453,1.769166666661378,extinct_steady,extinct_basin,1.637494672164793e-05,3.821481220275836e-06,-0.6999961785187797,-0.19249533799676583,0.004268017428797958,0.13440148311832276,True,steady_by_tail_change_and_rhs_residual
0.16486816,0.7,0.2,4.8333333333389445,0.12833333333268906,1.7049999999950334,extinct_steady,extinct_basin,2.8144266954329244e-05,3.858737080695032e-06,-0.6999961412629193,-0.19249180320084822,0.004270374262593339,0.2310287448121409,True,steady_by_tail_change_and_rhs_residual
0.16486816,0.7,0.5,4.8333333333389445,0.32083333333172265,1.5124999999959998,extinct_steady,extinct_basin,4.6455914286717056e-05,3.95742637785223e-06,-0.6999960425736221,-0.19248630758283325,0.004274038098845337,0.3814140904700978,True,steady_by_tail_change_and_rhs_residual
0.16486816,0.7,1.0,4.8333333333389445,0.6416666666634453,1.1916666666642772,extinct_steady,extinct_basin,5.2271166800856454e-05,4.087817446344024e-06,-0.6999959121825536,-0.19248456934217958,0.004275190524261999,0.42918048169331785,True,steady_by_tail_change_and_rhs_residual
0.16486816,0.7,1.5,4.8333333333389445,0.962499999995168,0.8708333333325544,extinct_steady,extinct_basin,4.944857338239735e-05,4.1869968361860735e-06,-0.6999958130031638,-0.19248542373473865,0.004274611969441342,0.40599024083953356,True,steady_by_tail_change_and_rhs_residual
0.16486816,0.8,0.02,4.8333333333389445,0.012833333333268906,1.8204999999944536,extinct_steady,extinct_basin,3.2342357730726116e-08,5.635486024645511e-06,-0.7999943645139754,-0.19250037055119548,0.004264526145518207,0.00026537623578496366,True,steady_by_tail_change_and_rhs_residual
0.16486816,0.8,0.05,4.8333333333389445,0.032083333333172266,1.8012499999945502,extinct_steady,extinct_basin,7.68766256028438e-08,5.6497226673215435e-06,-0.7999943502773327,-0.1925003573609733,0.004264532454397053,0.0006307893858232957,True,steady_by_tail_change_and_rhs_residual
0.16486816,0.8,0.1,4.8333333333389445,0.06416666666634453,1.769166666661378,extinct_steady,extinct_basin,1.4131501706290485e-07,5.67288836613764e-06,-0.7999943271116339,-0.19250034035131292,0.004264543706156268,0.0011595192193727384,True,steady_by_tail_change_and_rhs_residual
0.16486816,0.8,0.2,4.8333333333389445,0.12833333333268906,1.7049999999950334,extinct_steady,extinct_basin,2.4201699186951117e-07,5.716990150020544e-06,-0.79999428300985,-0.19250031326673214,0.004264559056154368,0.001985795290750423,True,steady_by_tail_change_and_rhs_residual
0.16486816,0.8,0.5,4.8333333333389445,0.32083333333172265,1.5124999999959998,extinct_steady,extinct_basin,3.97284121537581e-07,5.834311670769233e-06,-0.7999941656883293,-0.1925002743451511,0.004264576379453268,0.0032597682559837565,True,steady_by_tail_change_and_rhs_residual
0.16486816,0.8,1.0,4.8333333333389445,0.6416666666634453,1.1916666666642772,extinct_steady,extinct_basin,4.472347006255918e-07,5.991689204288843e-06,-0.7999940083107957,-0.1925002696201623,0.004264567724046541,0.0036695781459247768,True,steady_by_tail_change_and_rhs_residual
0.16486816,0.8,1.5,4.8333333333389445,0.962499999995168,0.8708333333325544,extinct_steady,extinct_basin,4.2363638502854556e-07,6.114790330466847e-06,-0.7999938852096696,-0.1925002854220446,0.004264549222967246,0.0034759195234924066,True,steady_by_tail_change_and_rhs_residual
0.16486816,0.9,0.02,4.8333333333389445,0.012833333333268906,1.8204999999944536,extinct_steady,extinct_basin,1.0455129428254056e-11,9.945308715538004e-06,-0.8999900546912845,-0.19250067112283148,0.004264019789249889,8.575867967139346e-08,True,steady_by_tail_change_and_rhs_residual
0.16486816,0.9,0.05,4.8333333333389445,0.032083333333172266,1.8012499999945502,extinct_steady,extinct_basin,2.45788487450858e-11,9.96585157300523e-06,-0.899990034148427,-0.1925006724042825,0.004264017281349597,2.016088307299506e-07,True,steady_by_tail_change_and_rhs_residual
0.16486816,0.9,0.1,4.8333333333389445,0.06416666666634453,1.769166666661378,extinct_steady,extinct_basin,4.467903991732895e-11,9.99953809953951e-06,-0.8999900004619005,-0.19250067464134196,0.00426401333974592,3.664803976015109e-07,True,steady_by_tail_change_and_rhs_residual
0.16486816,0.9,0.2,4.8333333333389445,0.12833333333268906,1.7049999999950334,extinct_steady,extinct_basin,7.888986306865426e-11,1.0063695666869471e-05,-0.8999899363043331,-0.1925006788842662,0.004264005807929776,6.47091978841602e-07,True,steady_by_tail_change_and_rhs_residual
0.16486816,0.9,0.5,4.8333333333389445,0.32083333333172265,1.5124999999959998,extinct_steady,extinct_basin,1.2569550649205035e-10,1.0235383167596206e-05,-0.8999897646168324,-0.19250069095032815,0.0042639865322311125,1.0310005175257502e-06,True,steady_by_tail_change_and_rhs_residual
0.16486816,0.9,1.0,4.8333333333389445,0.6416666666634453,1.1916666666642772,extinct_steady,extinct_basin,1.4237919500504974e-10,1.046856997416856e-05,-0.8999895314300258,-0.19250070646754566,0.004263959216360081,1.167825507766684e-06,True,steady_by_tail_change_and_rhs_residual
0.16486816,0.9,1.5,4.8333333333389445,0.962499999995168,0.8708333333325544,extinct_steady,extinct_basin,1.3602926745242852e-10,1.0655159877347037e-05,-0.8999893448401227,-0.1925007186289122,0.004263937022849088,1.115726281708005e-06,True,steady_by_tail_change_and_rhs_residual
