r_v,a_v,b_u,b_v,b_v_over_b_u,stress,branch_exists,A1,A2,A3,A1A2_minus_A3,routh_hurwitz_stable,max_real_eigenvalue,rh_matches_eigenvalue,condition_class
0.55,0.25,0.06,0.015,0.25,0.1584375,False,nan,nan,nan,nan,False,nan,False,no_branch
0.55,0.25,0.06,0.015,0.25,0.16486816,False,nan,nan,nan,nan,False,nan,False,no_branch
0.55,0.25,0.06,0.03,0.5,0.1584375,False,nan,nan,nan,nan,False,nan,False,no_branch
0.55,0.25,0.06,0.03,0.5,0.16486816,False,nan,nan,nan,nan,False,nan,False,no_branch
0.55,0.25,0.06,0.045,0.75,0.1584375,False,nan,nan,nan,nan,False,nan,False,no_branch
0.55,0.25,0.06,0.045,0.75,0.16486816,False,nan,nan,nan,nan,False,nan,False,no_branch
0.55,0.25,0.08,0.02,0.25,0.1584375,True,4.515388257575758,0.32207312065913385,0.0030614655598958395,1.4512237215451373,True,-0.011287146890129895,True,branch_stable
0.55,0.25,0.08,0.02,0.25,0.16486816,True,4.554322980848485,0.31458748072450504,0.0028307923260654914,1.4299022006247777,True,-0.010630690639284809,True,branch_stable
0.55,0.25,0.08,0.04,0.5,0.1584375,True,4.330217803030303,0.33099957161369886,0.002715727246093752,1.4305845105509487,True,-0.009344496102692062,True,branch_stable
0.55,0.25,0.08,0.04,0.5,0.16486816,True,4.386690689939394,0.3232420604467592,0.0025474447610982385,1.415415492397527,True,-0.008970812253380608,True,branch_stable
0.55,0.25,0.08,0.06,0.75,0.1584375,True,3.774706439393939,0.3577789244774001,0.0016785123046875003,1.3488318977995926,True,-0.004949610232644978,True,branch_stable
0.55,0.25,0.08,0.06,0.75,0.16486816,True,3.8837938172121227,0.3492057996135154,0.0016974020661964797,1.3545459234073902,True,-0.005156025787263369,True,branch_stable
0.55,0.25,0.1,0.025,0.25,0.1584375,True,4.05345643939394,0.3479039402773072,0.006177240885416667,1.4040362261221588,True,-0.024982521926565464,True,branch_stable
0.55,0.25,0.1,0.025,0.25,0.16486816,True,4.0853758972121215,0.34244595777960285,0.006111187208852402,1.392909274801657,True,-0.025638385816025174,True,branch_stable
0.55,0.25,0.1,0.05,0.5,0.1584375,True,3.637320075757575,0.36670567604095883,0.003994583984375002,1.3298313333736582,True,-0.012417339580213332,True,branch_stable
0.55,0.25,0.1,0.05,0.5,0.16486816,True,3.683270064484849,0.36198965102940583,0.004073230835278597,1.3292324144546488,True,-0.01295369438167099,True,branch_stable
0.55,0.25,0.1,0.07500000000000001,0.75,0.1584375,False,nan,nan,nan,nan,False,nan,False,no_branch
0.55,0.25,0.1,0.07500000000000001,0.75,0.16486816,False,nan,nan,nan,nan,False,nan,False,no_branch
0.55,0.3,0.06,0.015,0.25,0.1584375,False,nan,nan,nan,nan,False,nan,False,no_branch
0.55,0.3,0.06,0.015,0.25,0.16486816,False,nan,nan,nan,nan,False,nan,False,no_branch
0.55,0.3,0.06,0.03,0.5,0.1584375,False,nan,nan,nan,nan,False,nan,False,no_branch
0.55,0.3,0.06,0.03,0.5,0.16486816,False,nan,nan,nan,nan,False,nan,False,no_branch
0.55,0.3,0.06,0.045,0.75,0.1584375,False,nan,nan,nan,nan,False,nan,False,no_branch
0.55,0.3,0.06,0.045,0.75,0.16486816,False,nan,nan,nan,nan,False,nan,False,no_branch
0.55,0.3,0.08,0.02,0.25,0.1584375,True,4.369000676406925,0.5062467419932393,0.0023443183431212868,2.209448039854143,True,-0.004832063938791361,True,branch_stable
0.55,0.3,0.08,0.02,0.25,0.16486816,True,4.40445282147186,0.5028260091242132,0.002101223037129913,2.212572211559446,True,-0.004343953478648426,True,branch_stable
0.55,0.3,0.08,0.04,0.5,0.1584375,True,4.239455627705627,0.5033516493407486,0.002154794530619426,2.1317821879819263,True,-0.004447301624510165,True,branch_stable
0.55,0.3,0.08,0.04,0.5,0.16486816,True,4.290566847445886,0.5005877104331766,0.001954748333494863,2.145850286289934,True,-0.004045015501223208,True,branch_stable
0.55,0.3,0.08,0.06,0.75,0.1584375,True,3.8508204816017306,0.4946663713832855,0.0015862230931138418,1.9032851713892502,True,-0.003290887993400303,True,branch_stable
0.55,0.3,0.08,0.06,0.75,0.16486816,True,3.948908925367965,0.49387281436007147,0.0015153242225897175,1.9487434404004924,True,-0.0031473917715946964,True,branch_stable
0.55,0.3,0.1,0.025,0.25,0.1584375,True,3.9244186958874456,0.500822284734233,0.005750644244122027,1.9596856932839675,True,-0.012752618856224194,True,branch_stable
0.55,0.3,0.1,0.025,0.25,0.16486816,True,3.95360721108225,0.49857390036622906,0.005665899173903927,1.9654994685714224,True,-0.012623896117786797,True,branch_stable
0.55,0.3,0.1,0.05,0.5,0.1584375,True,3.572582656926406,0.49158857530224154,0.004003161864620537,1.752237656603328,True,-0.008690903888866825,True,branch_stable
0.55,0.3,0.1,0.05,0.5,0.16486816,True,3.6142984318614713,0.4905831591462002,0.004040641021155884,1.769073301778602,True,-0.008806365028636992,True,branch_stable
0.55,0.3,0.1,0.07500000000000001,0.75,0.1584375,False,nan,nan,nan,nan,False,nan,False,no_branch
0.55,0.3,0.1,0.07500000000000001,0.75,0.16486816,False,nan,nan,nan,nan,False,nan,False,no_branch
0.55,0.35,0.06,0.015,0.25,0.1584375,False,nan,nan,nan,nan,False,nan,False,no_branch
0.55,0.35,0.06,0.015,0.25,0.16486816,False,nan,nan,nan,nan,False,nan,False,no_branch
0.55,0.35,0.06,0.03,0.5,0.1584375,False,nan,nan,nan,nan,False,nan,False,no_branch
0.55,0.35,0.06,0.03,0.5,0.16486816,False,nan,nan,nan,nan,False,nan,False,no_branch
0.55,0.35,0.06,0.045,0.75,0.1584375,False,nan,nan,nan,nan,False,nan,False,no_branch
0.55,0.35,0.06,0.045,0.75,0.16486816,False,nan,nan,nan,nan,False,nan,False,no_branch
0.55,0.35,0.08,0.02,0.25,0.1584375,True,4.177245775058275,0.8688687789357044,0.0006425650671073825,3.6288358708221065,True,-0.0007421899517157313,True,branch_stable
0.55,0.35,0.08,0.02,0.25,0.16486816,True,4.208679560652681,0.8725650035582131,0.0003699859041369309,3.671976509912148,True,-0.0004248917058373921,True,branch_stable
0.55,0.35,0.08,0.04,0.5,0.1584375,True,4.146153117715618,0.8638180276884109,0.0006298925420673174,3.580891916097193,True,-0.0007317656217708795,True,branch_stable
0.55,0.35,0.08,0.04,0.5,0.16486816,True,4.191077798414918,0.8697296078664563,0.0003659246536428899,3.6447385254995748,True,-0.00042159021663965024,True,branch_stable
0.55,0.35,0.08,0.06,0.75,0.1584375,True,4.052875145687644,0.8486657739465349,0.0005918749669471246,3.438944547256733,True,-0.0006997562154134191,True,branch_stable
0.55,0.35,0.08,0.06,0.75,0.16486816,True,4.13827251170163,0.8612234207911795,0.00035374090216076527,3.563623467791624,True,-0.0004115561165960589,True,branch_stable
0.55,0.35,0.1,0.025,0.25,0.1584375,True,3.752682837995338,0.8061310457627462,0.004593936971654657,3.0205602036374373,True,-0.00585825970073786,True,branch_stable
0.55,0.35,0.1,0.025,0.25,0.16486816,True,3.778720265547786,0.8096504299610423,0.004472474211965792,3.0549700134913027,True,-0.005673984567320791,True,branch_stable
0.55,0.35,0.1,0.05,0.5,0.1584375,True,3.5093087121212116,0.7652809136711607,0.0036234129281851003,2.6819835646381,True,-0.0048421160021292955,True,branch_stable
0.55,0.35,0.1,0.05,0.5,0.16486816,True,3.5461388557575755,0.770927233212884,0.0035861196446830565,2.730228897013207,True,-0.004755585170599408,True,branch_stable
0.55,0.35,0.1,0.07500000000000001,0.75,0.1584375,True,2.7791863344988332,0.6427305173964104,0.0007118407977764335,1.785556029915692,True,-0.0011128792283580016,True,branch_stable
0.55,0.35,0.1,0.07500000000000001,0.75,0.16486816,True,2.8483946263869444,0.654757642968415,0.0009270559428348432,1.8640810958741798,True,-0.0014247022010468288,True,branch_stable
0.55,0.4,0.06,0.015,0.25,0.1584375,False,nan,nan,nan,nan,False,nan,False,no_branch
0.55,0.4,0.06,0.015,0.25,0.16486816,False,nan,nan,nan,nan,False,nan,False,no_branch
0.55,0.4,0.06,0.03,0.5,0.1584375,False,nan,nan,nan,nan,False,nan,False,no_branch
0.55,0.4,0.06,0.03,0.5,0.16486816,False,nan,nan,nan,nan,False,nan,False,no_branch
0.55,0.4,0.06,0.045,0.75,0.1584375,False,nan,nan,nan,nan,False,nan,False,no_branch
0.55,0.4,0.06,0.045,0.75,0.16486816,False,nan,nan,nan,nan,False,nan,False,no_branch
0.55,0.4,0.08,0.02,0.25,0.1584375,False,nan,nan,nan,nan,False,nan,False,no_branch
0.55,0.4,0.08,0.02,0.25,0.16486816,False,nan,nan,nan,nan,False,nan,False,no_branch
0.55,0.4,0.08,0.04,0.5,0.1584375,False,nan,nan,nan,nan,False,nan,False,no_branch
0.55,0.4,0.08,0.04,0.5,0.16486816,False,nan,nan,nan,nan,False,nan,False,no_branch
0.55,0.4,0.08,0.06,0.75,0.1584375,False,nan,nan,nan,nan,False,nan,False,no_branch
0.55,0.4,0.08,0.06,0.75,0.16486816,False,nan,nan,nan,nan,False,nan,False,no_branch
0.55,0.4,0.1,0.025,0.25,0.1584375,True,3.502824337121212,1.5843004305563735,0.0010153870768229145,5.548510718387657,True,-0.000641816226577616,True,branch_stable
0.55,0.4,0.1,0.025,0.25,0.16486816,True,3.525185495757576,1.6008610534165326,0.0008182605030327448,5.642513905724122,True,-0.000511714269253873,True,branch_stable
0.55,0.4,0.1,0.05,0.5,0.1584375,True,3.4602391098484846,1.5609632669283098,0.000978814794921872,5.400327330467275,True,-0.0006279320826312359,True,branch_stable
0.55,0.4,0.1,0.05,0.5,0.16486816,True,3.4913693503030303,1.5822645248047982,0.0007951992805491173,5.523474666694712,True,-0.0005031288645146052,True,branch_stable
0.55,0.4,0.1,0.07500000000000001,0.75,0.1584375,True,3.3324834280303035,1.4909517760441195,0.0008690979492187479,4.967702987710157,True,-0.000583676191140934,True,branch_stable
0.55,0.4,0.1,0.07500000000000001,0.75,0.16486816,True,3.389920913939395,1.5264749389695966,0.0007260156130982382,5.173903304604298,True,-0.0004761191592034331,True,branch_stable
0.55,0.45,0.06,0.015,0.25,0.1584375,False,nan,nan,nan,nan,False,nan,False,no_branch
0.55,0.45,0.06,0.015,0.25,0.16486816,False,nan,nan,nan,nan,False,nan,False,no_branch
0.55,0.45,0.06,0.03,0.5,0.1584375,False,nan,nan,nan,nan,False,nan,False,no_branch
0.55,0.45,0.06,0.03,0.5,0.16486816,False,nan,nan,nan,nan,False,nan,False,no_branch
0.55,0.45,0.06,0.045,0.75,0.1584375,False,nan,nan,nan,nan,False,nan,False,no_branch
0.55,0.45,0.06,0.045,0.75,0.16486816,False,nan,nan,nan,nan,False,nan,False,no_branch
0.55,0.45,0.08,0.02,0.25,0.1584375,False,nan,nan,nan,nan,False,nan,False,no_branch
0.55,0.45,0.08,0.02,0.25,0.16486816,False,nan,nan,nan,nan,False,nan,False,no_branch
0.55,0.45,0.08,0.04,0.5,0.1584375,False,nan,nan,nan,nan,False,nan,False,no_branch
0.55,0.45,0.08,0.04,0.5,0.16486816,False,nan,nan,nan,nan,False,nan,False,no_branch
0.55,0.45,0.08,0.06,0.75,0.1584375,False,nan,nan,nan,nan,False,nan,False,no_branch
0.55,0.45,0.08,0.06,0.75,0.16486816,False,nan,nan,nan,nan,False,nan,False,no_branch
0.55,0.45,0.1,0.025,0.25,0.1584375,False,nan,nan,nan,nan,False,nan,False,no_branch
0.55,0.45,0.1,0.025,0.25,0.16486816,False,nan,nan,nan,nan,False,nan,False,no_branch
0.55,0.45,0.1,0.05,0.5,0.1584375,False,nan,nan,nan,nan,False,nan,False,no_branch
0.55,0.45,0.1,0.05,0.5,0.16486816,False,nan,nan,nan,nan,False,nan,False,no_branch
0.55,0.45,0.1,0.07500000000000001,0.75,0.1584375,False,nan,nan,nan,nan,False,nan,False,no_branch
0.55,0.45,0.1,0.07500000000000001,0.75,0.16486816,False,nan,nan,nan,nan,False,nan,False,no_branch
0.6,0.25,0.06,0.015,0.25,0.1584375,False,nan,nan,nan,nan,False,nan,False,no_branch
0.6,0.25,0.06,0.015,0.25,0.16486816,False,nan,nan,nan,nan,False,nan,False,no_branch
0.6,0.25,0.06,0.03,0.5,0.1584375,False,nan,nan,nan,nan,False,nan,False,no_branch
0.6,0.25,0.06,0.03,0.5,0.16486816,False,nan,nan,nan,nan,False,nan,False,no_branch
0.6,0.25,0.06,0.045,0.75,0.1584375,False,nan,nan,nan,nan,False,nan,False,no_branch
0.6,0.25,0.06,0.045,0.75,0.16486816,False,nan,nan,nan,nan,False,nan,False,no_branch
0.6,0.25,0.08,0.02,0.25,0.1584375,True,4.771352813852812,0.14872184565165902,0.0031048004259293005,0.7064995963054975,True,-0.015618483307703039,True,branch_stable
0.6,0.25,0.08,0.02,0.25,0.16486816,True,4.8111579496911965,0.13734311862774717,0.002902730157274553,0.6578767068639922,True,-0.014295269376478114,True,branch_stable
0.6,0.25,0.08,0.04,0.5,0.1584375,True,4.561969696969696,0.17263422056487698,0.0026785221722394324,0.784873560704712,True,-0.019014634037174953,True,branch_stable
0.6,0.25,0.08,0.04,0.5,0.16486816,True,4.619962558060606,0.15997353086725674,0.0025472914688525524,0.7365244314186262,True,-0.017383993340147848,True,branch_stable
0.6,0.25,0.08,0.06,0.75,0.1584375,True,3.9338203463203456,0.24437134530452465,0.0013996874111698243,0.9599132828054441,True,-0.006382379609356781,True,branch_stable
0.6,0.25,0.08,0.06,0.75,0.16486816,True,4.046376383168831,0.22786476758578544,0.0014809754035865436,0.9205456387117904,True,-0.007495079061877992,True,branch_stable
0.6,0.25,0.1,0.025,0.25,0.1584375,True,4.336756854256852,0.20067689829408586,0.005654939544865566,0.8646319746230166,True,-0.02323372630863553,True,branch_stable
0.6,0.25,0.1,0.025,0.25,0.16486816,True,4.3692868999942265,0.19202865620352583,0.005607866463005253,0.8334204255105552,True,-0.02204899021314249,True,branch_stable
0.6,0.25,0.1,0.05,0.5,0.1584375,True,3.9100757575757568,0.24849679114659118,0.0034422184538994123,0.9681990604437527,True,-0.0203073803672554,True,branch_stable
0.6,0.25,0.1,0.05,0.5,0.16486816,True,3.957155983515151,0.23993182884900044,0.0035434835307041955,0.9459041886348509,True,-0.025063734480184462,True,branch_stable
0.6,0.25,0.1,0.07500000000000001,0.75,0.1584375,False,nan,nan,nan,nan,False,nan,False,no_branch
0.6,0.25,0.1,0.07500000000000001,0.75,0.16486816,False,nan,nan,nan,nan,False,nan,False,no_branch
0.6,0.3,0.06,0.015,0.25,0.1584375,False,nan,nan,nan,nan,False,nan,False,no_branch
0.6,0.3,0.06,0.015,0.25,0.16486816,False,nan,nan,nan,nan,False,nan,False,no_branch
0.6,0.3,0.06,0.03,0.5,0.1584375,False,nan,nan,nan,nan,False,nan,False,no_branch
0.6,0.3,0.06,0.03,0.5,0.16486816,False,nan,nan,nan,nan,False,nan,False,no_branch
0.6,0.3,0.06,0.045,0.75,0.1584375,False,nan,nan,nan,nan,False,nan,False,no_branch
0.6,0.3,0.06,0.045,0.75,0.16486816,False,nan,nan,nan,nan,False,nan,False,no_branch
0.6,0.3,0.08,0.02,0.25,0.1584375,True,4.652591991341991,0.2331370487008293,0.0029512622296627034,1.0817403034409232,True,-0.025259899137576168,True,branch_stable
0.6,0.3,0.08,0.02,0.25,0.16486816,True,4.689672680173159,0.22380400499240416,0.0027492577505385664,1.0468182701756765,True,-0.024044780509815886,True,branch_stable
0.6,0.3,0.08,0.04,0.5,0.1584375,True,4.464810606060605,0.24838103961870317,0.002577927406994049,1.1063963726269512,True,-0.013783461575637314,True,branch_stable
0.6,0.3,0.08,0.04,0.5,0.16486816,True,4.518594307878788,0.23833893284225738,0.00243938481780785,1.0745175604691208,True,-0.013872014040960104,True,branch_stable
0.6,0.3,0.08,0.06,0.75,0.1584375,True,3.901466450216449,0.294113012372331,0.001457922938988096,1.1460141274037567,True,-0.005333901660380129,True,branch_stable
0.6,0.3,0.08,0.06,0.75,0.16486816,True,4.005359190995671,0.2819437163918206,0.0015097660196156971,1.1277760897738398,True,-0.005838387883678343,True,branch_stable
0.6,0.3,0.1,0.025,0.25,0.1584375,True,4.231704545454545,0.2700569890003468,0.005605184325396833,1.137196203559139,True,-0.032241131612962506,True,branch_stable
0.6,0.3,0.1,0.025,0.25,0.16486816,True,4.262104029090908,0.26295220210313097,0.005553223495097524,1.115176416546984,True,-0.031147843470476753,True,branch_stable
0.6,0.3,0.1,0.05,0.5,0.1584375,True,3.8334794372294363,0.3013540584013139,0.003506434300595242,1.1517281519064801,True,-0.014186156083275716,True,branch_stable
0.6,0.3,0.1,0.05,0.5,0.16486816,True,3.877241331255411,0.2946543368416803,0.0035929571846462795,1.1388530160515704,True,-0.015236637716781697,True,branch_stable
0.6,0.3,0.1,0.07500000000000001,0.75,0.1584375,False,nan,nan,nan,nan,False,nan,False,no_branch
0.6,0.3,0.1,0.07500000000000001,0.75,0.16486816,False,nan,nan,nan,nan,False,nan,False,no_branch
0.6,0.35,0.06,0.015,0.25,0.1584375,False,nan,nan,nan,nan,False,nan,False,no_branch
0.6,0.35,0.06,0.015,0.25,0.16486816,False,nan,nan,nan,nan,False,nan,False,no_branch
0.6,0.35,0.06,0.03,0.5,0.1584375,False,nan,nan,nan,nan,False,nan,False,no_branch
0.6,0.35,0.06,0.03,0.5,0.16486816,False,nan,nan,nan,nan,False,nan,False,no_branch
0.6,0.35,0.06,0.045,0.75,0.1584375,False,nan,nan,nan,nan,False,nan,False,no_branch
0.6,0.35,0.06,0.045,0.75,0.16486816,False,nan,nan,nan,nan,False,nan,False,no_branch
0.6,0.35,0.08,0.02,0.25,0.1584375,True,4.501806915306915,0.37747112812195915,0.002540867267133195,1.696761267641005,True,-0.007379732017818825,True,branch_stable
0.6,0.35,0.08,0.02,0.25,0.16486816,True,4.535744011437451,0.3713159944853359,0.002332858231235464,1.6818614401065686,True,-0.006855983697999883,True,branch_stable
0.6,0.35,0.08,0.04,0.5,0.1584375,True,4.352703962703962,0.38140646862781225,0.002278588898755344,1.6578708584984474,True,-0.006447947715605846,True,branch_stable
0.6,0.35,0.08,0.04,0.5,0.16486816,True,4.401630942284382,0.3752837177932342,0.002120664676275422,1.6497397596979442,True,-0.006084434862452812,True,branch_stable
0.6,0.35,0.08,0.06,0.75,0.1584375,True,3.9053951048951046,0.39321249014537063,0.0014917537936217941,1.534158380403723,True,-0.003948445845963538,True,branch_stable
0.6,0.35,0.08,0.06,0.75,0.16486816,True,3.9992917348251753,0.38718688771693266,0.0014840840113952824,1.5469892358676167,True,-0.003997920129166637,True,branch_stable
0.6,0.35,0.1,0.025,0.25,0.1584375,True,4.096736985236984,0.39159573857739716,0.0053898239527065475,1.5988749215385096,True,-0.016653307983904454,True,branch_stable
0.6,0.35,0.1,0.025,0.25,0.16486816,True,4.1246781279875675,0.38698998781213234,0.005326142944899484,1.5908829955339783,True,-0.016736349134358442,True,branch_stable
0.6,0.35,0.1,0.05,0.5,0.1584375,True,3.7450990675990674,0.3997151089109696,0.003566384286004274,1.4934062974017277,True,-0.009824239257564706,True,branch_stable
0.6,0.35,0.1,0.05,0.5,0.16486816,True,3.785032117109557,0.3959164323834292,0.0036249521056603354,1.4949314601570534,True,-0.010135281047323282,True,branch_stable
0.6,0.35,0.1,0.07500000000000001,0.75,0.1584375,False,nan,nan,nan,nan,False,nan,False,no_branch
0.6,0.35,0.1,0.07500000000000001,0.75,0.16486816,False,nan,nan,nan,nan,False,nan,False,no_branch
0.6,0.4,0.06,0.015,0.25,0.1584375,False,nan,nan,nan,nan,False,nan,False,no_branch
0.6,0.4,0.06,0.015,0.25,0.16486816,False,nan,nan,nan,nan,False,nan,False,no_branch
0.6,0.4,0.06,0.03,0.5,0.1584375,False,nan,nan,nan,nan,False,nan,False,no_branch
0.6,0.4,0.06,0.03,0.5,0.16486816,False,nan,nan,nan,nan,False,nan,False,no_branch
0.6,0.4,0.06,0.045,0.75,0.1584375,False,nan,nan,nan,nan,False,nan,False,no_branch
0.6,0.4,0.06,0.045,0.75,0.16486816,False,nan,nan,nan,nan,False,nan,False,no_branch
0.6,0.4,0.08,0.02,0.25,0.1584375,True,4.299816919191919,0.654812646192644,0.0014961714409722192,2.8140783235589906,True,-0.0023202157099472985,True,branch_stable
0.6,0.4,0.08,0.02,0.25,0.16486816,True,4.3300864905050505,0.6541417064925916,0.0012696295353571525,2.8312205366241336,True,-0.001966495665916696,True,branch_stable
0.6,0.4,0.08,0.04,0.5,0.1584375,True,4.221912878787879,0.6486706533167439,0.0014135566406249954,2.737217428689083,True,-0.0022109586159683534,True,branch_stable
0.6,0.4,0.08,0.04,0.5,0.16486816,True,4.265173682424242,0.6491629448055551,0.0012122709163690634,2.7675804368733057,True,-0.0018909190881093538,True,branch_stable
0.6,0.4,0.08,0.06,0.75,0.1584375,True,3.9882007575757576,0.6302446746890435,0.0011657122395833319,2.512376576813347,True,-0.0018717787106249009,True,branch_stable
0.6,0.4,0.08,0.06,0.75,0.16486816,True,4.070435258181819,0.6342266597444395,0.0010401950594047978,2.5805383624432454,True,-0.0016577296441894925,True,branch_stable
0.6,0.4,0.1,0.025,0.25,0.1584375,True,3.9132007575757575,0.6289791377874483,0.0047267187499999965,2.456594919739189,True,-0.007902667563218708,True,branch_stable
0.6,0.4,0.1,0.025,0.25,0.16486816,True,3.938273835959596,0.6288317982162948,0.0046378366482857265,2.471873981486372,True,-0.007750822761224404,True,branch_stable
0.6,0.4,0.1,0.05,0.5,0.1584375,True,3.641988636363637,0.6063660157089537,0.0034751171875000036,2.204903021501604,True,-0.005942833726332807,True,branch_stable
0.6,0.4,0.1,0.05,0.5,0.16486816,True,3.6774547006060603,0.6076437073911087,0.003480321169095254,2.231101886870031,True,-0.005940818715371034,True,branch_stable
0.6,0.4,0.1,0.07500000000000001,0.75,0.1584375,False,nan,nan,nan,nan,False,nan,False,no_branch
0.6,0.4,0.1,0.07500000000000001,0.75,0.16486816,True,2.894997294545454,0.5440794349155498,7.774731523840403e-06,1.5751007173668121,True,-1.4290785972232344e-05,True,branch_stable
0.6,0.45,0.06,0.015,0.25,0.1584375,False,nan,nan,nan,nan,False,nan,False,no_branch
0.6,0.45,0.06,0.015,0.25,0.16486816,False,nan,nan,nan,nan,False,nan,False,no_branch
0.6,0.45,0.06,0.03,0.5,0.1584375,False,nan,nan,nan,nan,False,nan,False,no_branch
0.6,0.45,0.06,0.03,0.5,0.16486816,False,nan,nan,nan,nan,False,nan,False,no_branch
0.6,0.45,0.06,0.045,0.75,0.1584375,False,nan,nan,nan,nan,False,nan,False,no_branch
0.6,0.45,0.06,0.045,0.75,0.16486816,False,nan,nan,nan,nan,False,nan,False,no_branch
0.6,0.45,0.08,0.02,0.25,0.1584375,False,nan,nan,nan,nan,False,nan,False,no_branch
0.6,0.45,0.08,0.02,0.25,0.16486816,False,nan,nan,nan,nan,False,nan,False,no_branch
0.6,0.45,0.08,0.04,0.5,0.1584375,False,nan,nan,nan,nan,False,nan,False,no_branch
0.6,0.45,0.08,0.04,0.5,0.16486816,False,nan,nan,nan,nan,False,nan,False,no_branch
0.6,0.45,0.08,0.06,0.75,0.1584375,False,nan,nan,nan,nan,False,nan,False,no_branch
0.6,0.45,0.08,0.06,0.75,0.16486816,False,nan,nan,nan,nan,False,nan,False,no_branch
0.6,0.45,0.1,0.025,0.25,0.1584375,True,3.639405417814509,1.197600431230173,0.0025668217452300785,4.355986676050854,True,-0.0021574403501333386,True,branch_stable
0.6,0.45,0.1,0.025,0.25,0.16486816,True,3.6610889655831045,1.2070283309413838,0.002423005506756773,4.416615098048935,True,-0.0020197808709482485,True,branch_stable
0.6,0.45,0.1,0.05,0.5,0.1584375,True,3.52013085399449,1.1558223944252237,0.00227095663404882,4.06637511571997,True,-0.001976690491090276,True,branch_stable
0.6,0.45,0.1,0.05,0.5,0.16486816,True,3.5503177538292023,1.1682005867699203,0.0021678224151722094,4.145315460827767,True,-0.0018662733194729905,True,branch_stable
0.6,0.45,0.1,0.07500000000000001,0.75,0.1584375,True,3.1623071625344346,1.0304882840103797,0.0013833613005050525,3.257337120133337,True,-0.0013480067371935652,True,branch_stable
0.6,0.45,0.1,0.07500000000000001,0.75,0.16486816,True,3.218004118567494,1.0517173542555316,0.0014022731404184962,3.3830285044227906,True,-0.001338799473326441,True,branch_stable
0.65,0.25,0.06,0.015,0.25,0.1584375,False,nan,nan,nan,nan,False,nan,False,no_branch
0.65,0.25,0.06,0.015,0.25,0.16486816,False,nan,nan,nan,nan,False,nan,False,no_branch
0.65,0.25,0.06,0.03,0.5,0.1584375,False,nan,nan,nan,nan,False,nan,False,no_branch
0.65,0.25,0.06,0.03,0.5,0.16486816,False,nan,nan,nan,nan,False,nan,False,no_branch
0.65,0.25,0.06,0.045,0.75,0.1584375,False,nan,nan,nan,nan,False,nan,False,no_branch
0.65,0.25,0.06,0.045,0.75,0.16486816,False,nan,nan,nan,nan,False,nan,False,no_branch
0.65,0.25,0.08,0.02,0.25,0.1584375,True,5.016972853535353,0.047388994502268744,0.002725138926866318,0.23502416004735205,True,-0.0046773530343636426,True,branch_stable
0.65,0.25,0.08,0.02,0.25,0.16486816,True,5.05634927870707,0.03404538698844384,0.002540796833119808,0.16960457110920124,True,-0.0033212056240866407,True,branch_stable
0.65,0.25,0.08,0.04,0.5,0.1584375,True,4.817490530303029,0.07797340543613096,0.002338221142578125,0.3732979211614615,True,-0.008069228419699901,True,branch_stable
0.65,0.25,0.08,0.04,0.5,0.16486816,True,4.875054680727271,0.062682106603555,0.002221216839026067,0.3033574803564806,True,-0.00639880588152656,True,branch_stable
0.65,0.25,0.08,0.06,0.75,0.1584375,True,4.2190435606060595,0.16972663823771228,0.0011774677897135395,0.7149066123304206,True,-0.008904071566333974,True,branch_stable
0.65,0.25,0.08,0.06,0.75,0.16486816,True,4.33117088678788,0.14859226544888138,0.0012624768567448446,0.6423160172573067,True,-0.015259689913603682,True,branch_stable
0.65,0.25,0.1,0.025,0.25,0.1584375,True,4.615710227272727,0.11047572531644256,0.004881132385253909,0.5050428028232226,True,-0.011913711486168696,True,branch_stable
0.65,0.25,0.1,0.025,0.25,0.16486816,True,4.647811562343434,0.10018768369601183,0.004839997934968506,0.460813476751762,True,-0.01071479949569766,True,branch_stable
0.65,0.25,0.1,0.05,0.5,0.1584375,True,4.21559659090909,0.17119662555875514,0.0029353844604492188,0.7187605266201791,True,-0.020419569347878943,True,branch_stable
0.65,0.25,0.1,0.05,0.5,0.16486816,True,4.262248106181818,0.16048867556626512,0.0030331916220888225,0.6810093618738529,True,-0.018910333457405178,True,branch_stable
0.65,0.25,0.1,0.07500000000000001,0.75,0.1584375,False,nan,nan,nan,nan,False,nan,False,no_branch
0.65,0.25,0.1,0.07500000000000001,0.75,0.16486816,False,nan,nan,nan,nan,False,nan,False,no_branch
0.65,0.3,0.06,0.015,0.25,0.1584375,False,nan,nan,nan,nan,False,nan,False,no_branch
0.65,0.3,0.06,0.015,0.25,0.16486816,False,nan,nan,nan,nan,False,nan,False,no_branch
0.65,0.3,0.06,0.03,0.5,0.1584375,False,nan,nan,nan,nan,False,nan,False,no_branch
0.65,0.3,0.06,0.03,0.5,0.16486816,False,nan,nan,nan,nan,False,nan,False,no_branch
0.65,0.3,0.06,0.045,0.75,0.1584375,False,nan,nan,nan,nan,False,nan,False,no_branch
0.65,0.3,0.06,0.045,0.75,0.16486816,False,nan,nan,nan,nan,False,nan,False,no_branch
0.65,0.3,0.08,0.02,0.25,0.1584375,True,4.923609532828283,0.08775047735563213,0.0027484767769820617,0.4293006100414406,True,-0.00888637708665847,True,branch_stable
0.65,0.3,0.08,0.02,0.25,0.16486816,True,4.960926847676768,0.07543000071072647,0.0025689131514525627,0.37163380249466804,True,-0.007573181404073381,True,branch_stable
0.65,0.3,0.08,0.04,0.5,0.1584375,True,4.72997159090909,0.11409609702303314,0.0023595932948133696,0.5373117042577406,True,-0.012069562500929942,True,branch_stable
0.65,0.3,0.08,0.04,0.5,0.16486816,True,4.784339898181818,0.10023648112608896,0.002245501405289955,0.4773198944996062,True,-0.010472053742746647,True,branch_stable
0.65,0.3,0.08,0.06,0.75,0.1584375,True,4.149057765151514,0.19313295602523084,0.0011929428483072905,0.8001268480548426,True,-0.007328556387536628,True,branch_stable
0.65,0.3,0.08,0.06,0.75,0.16486816,True,4.25457904969697,0.17465592237217997,0.0012752661668021326,0.741812162063375,True,-0.009491004649766165,True,branch_stable
0.65,0.3,0.1,0.025,0.25,0.1584375,True,4.532842487373737,0.1426914000442281,0.004931373864293985,0.6418662668390259,True,-0.015728029459537062,True,branch_stable
0.65,0.3,0.1,0.025,0.25,0.16486816,True,4.563339405252526,0.13310626753969146,0.00489122532971761,0.6025178504202415,True,-0.014559008125909533,True,branch_stable
0.65,0.3,0.1,0.05,0.5,0.1584375,True,4.143821022727272,0.19491406230592467,0.0029693886827256923,0.8047196003257382,True,-0.023702325392634574,True,branch_stable
0.65,0.3,0.1,0.05,0.5,0.16486816,True,4.187958734545455,0.18515746261953936,0.0030644194296319633,0.7723673934141414,True,-0.022254143426562085,True,branch_stable
0.65,0.3,0.1,0.07500000000000001,0.75,0.1584375,False,nan,nan,nan,nan,False,nan,False,no_branch
0.65,0.3,0.1,0.07500000000000001,0.75,0.16486816,False,nan,nan,nan,nan,False,nan,False,no_branch
0.65,0.35,0.06,0.015,0.25,0.1584375,False,nan,nan,nan,nan,False,nan,False,no_branch
0.65,0.35,0.06,0.015,0.25,0.16486816,False,nan,nan,nan,nan,False,nan,False,no_branch
0.65,0.35,0.06,0.03,0.5,0.1584375,False,nan,nan,nan,nan,False,nan,False,no_branch
0.65,0.35,0.06,0.03,0.5,0.16486816,False,nan,nan,nan,nan,False,nan,False,no_branch
0.65,0.35,0.06,0.045,0.75,0.1584375,False,nan,nan,nan,nan,False,nan,False,no_branch
0.65,0.35,0.06,0.045,0.75,0.16486816,False,nan,nan,nan,nan,False,nan,False,no_branch
0.65,0.35,0.08,0.02,0.25,0.1584375,True,4.807656128593628,0.1523808080519089,0.002705572520662693,0.7298889531901464,True,-0.015893894916853914,True,branch_stable
0.65,0.35,0.08,0.02,0.25,0.16486816,True,4.842597546915307,0.14157867208300345,0.0025289766133256334,0.6830795535113536,True,-0.01465247062034078,True,branch_stable
0.65,0.35,0.08,0.04,0.5,0.1584375,True,4.626520250582751,0.1723651204423593,0.002336926416989409,0.7951137938037208,True,-0.01872447296014506,True,branch_stable
0.65,0.35,0.08,0.04,0.5,0.16486816,True,4.6772010465268075,0.16050683726239434,0.0022216123870254876,0.7485011348313534,True,-0.01723428217098958,True,branch_stable
0.65,0.35,0.08,0.06,0.75,0.1584375,True,4.083112616550116,0.23231805761370516,0.0012309881059695508,0.9473498039889666,True,-0.005912157602825846,True,branch_stable
0.65,0.35,0.08,0.06,0.75,0.16486816,True,4.181011545361305,0.21729133280056878,0.0012995197081250478,0.9071980514379987,True,-0.006893358712657068,True,branch_stable
0.65,0.35,0.1,0.025,0.25,0.1584375,True,4.428999368686869,0.19623425207721112,0.004946726911206077,0.8641746516535018,True,-0.022249516093640086,True,branch_stable
0.65,0.35,0.1,0.025,0.25,0.16486816,True,4.457645035959597,0.1877651955305062,0.004905170072697545,0.8320854217098466,True,-0.021136870799212296,True,branch_stable
0.65,0.35,0.1,0.05,0.5,0.1584375,True,4.058535110722611,0.23629737560068076,0.0030191872273415215,0.9560020082196297,True,-0.018854419195585764,True,branch_stable
0.65,0.35,0.1,0.05,0.5,0.16486816,True,4.09977228009324,0.22793871155401924,0.0031064318006203896,0.9313903793887164,True,-0.023526997728551918,True,branch_stable
0.65,0.35,0.1,0.07500000000000001,0.75,0.1584375,False,nan,nan,nan,nan,False,nan,False,no_branch
0.65,0.35,0.1,0.07500000000000001,0.75,0.16486816,False,nan,nan,nan,nan,False,nan,False,no_branch
0.65,0.4,0.06,0.015,0.25,0.1584375,False,nan,nan,nan,nan,False,nan,False,no_branch
0.65,0.4,0.06,0.015,0.25,0.16486816,False,nan,nan,nan,nan,False,nan,False,no_branch
0.65,0.4,0.06,0.03,0.5,0.1584375,False,nan,nan,nan,nan,False,nan,False,no_branch
0.65,0.4,0.06,0.03,0.5,0.16486816,False,nan,nan,nan,nan,False,nan,False,no_branch
0.65,0.4,0.06,0.045,0.75,0.1584375,False,nan,nan,nan,nan,False,nan,False,no_branch
0.65,0.4,0.06,0.045,0.75,0.16486816,False,nan,nan,nan,nan,False,nan,False,no_branch
0.65,0.4,0.08,0.02,0.25,0.1584375,True,4.658117897727272,0.26290030775133566,0.0025111643459765644,1.222109464508528,True,-0.012168491950246298,True,branch_stable
0.65,0.4,0.08,0.02,0.25,0.16486816,True,4.690287436767676,0.2544909438077756,0.002333617884963557,1.191302058627795,True,-0.011676082074567171,True,branch_stable
0.65,0.4,0.08,0.04,0.5,0.1584375,True,4.501549242424242,0.27362120798880873,0.002206073294277346,1.2295132682389507,True,-0.00956422569177732,True,branch_stable
0.65,0.4,0.08,0.04,0.5,0.16486816,True,4.547927941818181,0.26475719252099417,0.002081390228978668,1.2020152434345863,True,-0.009364920639020384,True,branch_stable
0.65,0.4,0.08,0.06,0.75,0.1584375,True,4.031843276515151,0.30578390870122973,0.0012908001391796866,1.2315819962243961,True,-0.004486373984071017,True,branch_stable
0.65,0.4,0.08,0.06,0.75,0.16486816,True,4.120849456969696,0.295555938660657,0.0013247072610240006,1.216616822072913,True,-0.004803407661936217,True,branch_stable
0.65,0.4,0.1,0.025,0.25,0.1584375,True,4.293589804292928,0.2904106411252343,0.004871537525434024,1.2420326302680444,True,-0.029901119633267092,True,branch_stable
0.65,0.4,0.1,0.025,0.25,0.16486816,True,4.320075679191919,0.2838010632666652,0.004823924774104183,1.2212181463730232,True,-0.03322661951496051,True,branch_stable
0.65,0.4,0.1,0.05,0.5,0.1584375,True,3.954757102272727,0.31267713914965967,0.0030854592917968736,1.2334766774786374,True,-0.011550324822725026,True,branch_stable
0.65,0.4,0.1,0.05,0.5,0.16486816,True,3.9926103054545443,0.3065128028093289,0.0031556767910229334,1.2206304984592602,True,-0.012241384256397788,True,branch_stable
0.65,0.4,0.1,0.07500000000000001,0.75,0.1584375,False,nan,nan,nan,nan,False,nan,False,no_branch
0.65,0.4,0.1,0.07500000000000001,0.75,0.16486816,False,nan,nan,nan,nan,False,nan,False,no_branch
0.65,0.45,0.06,0.015,0.25,0.1584375,False,nan,nan,nan,nan,False,nan,False,no_branch
0.65,0.45,0.06,0.015,0.25,0.16486816,False,nan,nan,nan,nan,False,nan,False,no_branch
0.65,0.45,0.06,0.03,0.5,0.1584375,False,nan,nan,nan,nan,False,nan,False,no_branch
0.65,0.45,0.06,0.03,0.5,0.16486816,False,nan,nan,nan,nan,False,nan,False,no_branch
0.65,0.45,0.06,0.045,0.75,0.1584375,False,nan,nan,nan,nan,False,nan,False,no_branch
0.65,0.45,0.06,0.045,0.75,0.16486816,False,nan,nan,nan,nan,False,nan,False,no_branch
0.65,0.45,0.08,0.02,0.25,0.1584375,True,4.454168675390267,0.472488081426345,0.00193393053043456,2.1026076812540375,True,-0.004264340957857209,True,branch_stable
0.65,0.45,0.08,0.02,0.25,0.16486816,True,4.483062357098257,0.4682130089571306,0.0017468360766309105,2.0972812794827904,True,-0.0038744659135084764,True,branch_stable
0.65,0.45,0.08,0.04,0.5,0.1584375,True,4.345689566115703,0.47145941708506633,0.0017661144783775286,2.047050155195187,True,-0.003885060484122118,True,branch_stable
0.65,0.45,0.08,0.04,0.5,0.16486816,True,4.386983969586778,0.46757321130125895,0.0016151946166616394,2.049620987970173,True,-0.0035741818705957618,True,branch_stable
0.65,0.45,0.08,0.06,0.75,0.1584375,True,4.020252238292011,0.46837342406123295,0.0012626663222064414,1.8817166401164587,True,-0.0027612535216371675,True,branch_stable
0.65,0.45,0.08,0.06,0.75,0.16486816,True,4.098748807052343,0.46565381833365826,0.001220270236753826,1.9073777621576964,True,-0.002683916265899975,True,branch_stable
0.65,0.45,0.1,0.025,0.25,0.1584375,True,4.106338096877871,0.4725674252965364,0.004542089602733064,1.9359795322359217,True,-0.01058204831593724,True,branch_stable
0.65,0.45,0.1,0.025,0.25,0.16486816,True,4.130271489880625,0.4693156890347101,0.004478895252349867,1.9339223149213947,True,-0.010513805059152113,True,branch_stable
0.65,0.45,0.1,0.05,0.5,0.1584375,True,3.823943698347108,0.46883246550754354,0.00312053532098327,1.7896684167371257,True,-0.007061988862390001,True,branch_stable
0.65,0.45,0.1,0.05,0.5,0.16486816,True,3.8577976687603313,0.4664812640348215,0.0031554656143980607,1.7964348672995087,True,-0.007191281082360372,True,branch_stable
0.65,0.45,0.1,0.07500000000000001,0.75,0.1584375,False,nan,nan,nan,nan,False,nan,False,no_branch
0.65,0.45,0.1,0.07500000000000001,0.75,0.16486816,False,nan,nan,nan,nan,False,nan,False,no_branch
0.7,0.25,0.06,0.015,0.25,0.1584375,False,nan,nan,nan,nan,False,nan,False,no_branch
0.7,0.25,0.06,0.015,0.25,0.16486816,False,nan,nan,nan,nan,False,nan,False,no_branch
0.7,0.25,0.06,0.03,0.5,0.1584375,False,nan,nan,nan,nan,False,nan,False,no_branch
0.7,0.25,0.06,0.03,0.5,0.16486816,False,nan,nan,nan,nan,False,nan,False,no_branch
0.7,0.25,0.06,0.045,0.75,0.1584375,False,nan,nan,nan,nan,False,nan,False,no_branch
0.7,0.25,0.06,0.045,0.75,0.16486816,False,nan,nan,nan,nan,False,nan,False,no_branch
0.7,0.25,0.08,0.02,0.25,0.1584375,True,5.245700757575756,-0.013745211368432209,0.0022028146629050976,-0.07430608035132884,False,0.0013494516393867044,True,branch_unstable
0.7,0.25,0.08,0.02,0.25,0.16486816,True,5.283349348848485,-0.027729956748855145,0.0020325628386580904,-0.14853961177131858,False,0.0026579750756192803,True,branch_unstable
0.7,0.25,0.08,0.04,0.5,0.1584375,True,5.073863636363635,0.016944143884851215,0.0019050740342881995,0.08406720147237162,True,-0.0016337757467506126,True,branch_stable
0.7,0.25,0.08,0.04,0.5,0.16486816,True,5.1290503912727266,0.0005946895167170396,0.0017924971415426885,0.001257695356860632,True,-2.3903957541881104e-05,True,branch_stable
0.7,0.25,0.08,0.06,0.75,0.1584375,True,4.55835227272727,0.10901220964470149,0.0010118521484374986,0.4959042014405092,True,-0.011996076029821015,True,branch_stable
0.7,0.25,0.08,0.06,0.75,0.16486816,True,4.666153518545453,0.08556862831343004,0.0010723000501964802,0.3982040560316232,True,-0.009180478204250178,True,branch_stable
0.7,0.25,0.1,0.025,0.25,0.1584375,True,4.8837689393939385,0.05196402291914204,0.004043882233796303,0.2497363988646643,True,-0.005246390058409269,True,branch_stable
0.7,0.25,0.1,0.025,0.25,0.16486816,True,4.914402265212121,0.041100439056471316,0.004002881336815362,0.19798120946352,True,-0.004105481514179306,True,branch_stable
0.7,0.25,0.1,0.05,0.5,0.1584375,True,4.530965909090908,0.11455806128843626,0.002475041883680556,0.516583628425771,True,-0.012651718131399616,True,branch_stable
0.7,0.25,0.1,0.05,0.5,0.16486816,True,4.5756297658181815,0.10289034919692952,0.0025563413818341495,0.4682318030190634,True,-0.011237141547543215,True,branch_stable
0.7,0.25,0.1,0.07500000000000001,0.75,0.1584375,False,nan,nan,nan,nan,False,nan,False,no_branch
0.7,0.25,0.1,0.07500000000000001,0.75,0.16486816,False,nan,nan,nan,nan,False,nan,False,no_branch
0.7,0.3,0.06,0.015,0.25,0.1584375,False,nan,nan,nan,nan,False,nan,False,no_branch
0.7,0.3,0.06,0.015,0.25,0.16486816,False,nan,nan,nan,nan,False,nan,False,no_branch
0.7,0.3,0.06,0.03,0.5,0.1584375,False,nan,nan,nan,nan,False,nan,False,no_branch
0.7,0.3,0.06,0.03,0.5,0.16486816,False,nan,nan,nan,nan,False,nan,False,no_branch
0.7,0.3,0.06,0.045,0.75,0.1584375,False,nan,nan,nan,nan,False,nan,False,no_branch
0.7,0.3,0.06,0.045,0.75,0.16486816,False,nan,nan,nan,nan,False,nan,False,no_branch
0.7,0.3,0.08,0.02,0.25,0.1584375,True,5.174719967532465,0.004404685706454359,0.002271904234871033,0.02052111084102318,True,-0.00038322547617219125,True,branch_stable
0.7,0.3,0.08,0.02,0.25,0.16486816,True,5.21088199064935,-0.009139674479024862,0.002107478925121897,-0.04973324406827003,False,0.0009154513844502638,True,branch_unstable
0.7,0.3,0.08,0.04,0.5,0.1584375,True,5.001938582251079,0.03360183603736111,0.001955831287202382,0.16611848882254887,True,-0.0033241612847082734,True,branch_stable
0.7,0.3,0.08,0.04,0.5,0.16486816,True,5.054803618354978,0.017990873797531393,0.00184956257289118,0.08909077139623826,True,-0.0017445675922156557,True,branch_stable
0.7,0.3,0.08,0.06,0.75,0.1584375,True,4.483594426406924,0.12119328703008136,0.0010076124441964279,0.5423739338018109,True,-0.01357214614260731,True,branch_stable
0.7,0.3,0.08,0.06,0.75,0.16486816,True,4.586568501471859,0.09938251862720016,0.001075813516199028,0.45474891601625755,True,-0.010859816840042946,True,branch_stable
0.7,0.3,0.1,0.025,0.25,0.1584375,True,4.820499188311687,0.06543688156367367,0.004110658869667662,0.31132777559366925,True,-0.006717379576641333,True,branch_stable
0.7,0.3,0.1,0.025,0.25,0.16486816,True,4.849980006233764,0.054804839593261434,0.004072698122076689,0.26172967815008985,True,-0.005576057924880284,True,branch_stable
0.7,0.3,0.1,0.05,0.5,0.1584375,True,4.470607413419912,0.12409965130756895,0.0024904503813244047,0.5523103707571193,True,-0.013903289532474071,True,branch_stable
0.7,0.3,0.1,0.05,0.5,0.16486816,True,4.5134506417316,0.11285716639034327,0.0025738785102504447,0.5068013715582543,True,-0.012508116340967736,True,branch_stable
0.7,0.3,0.1,0.07500000000000001,0.75,0.1584375,False,nan,nan,nan,nan,False,nan,False,no_branch
0.7,0.3,0.1,0.07500000000000001,0.75,0.16486816,False,nan,nan,nan,nan,False,nan,False,no_branch
0.7,0.35,0.06,0.015,0.25,0.1584375,False,nan,nan,nan,nan,False,nan,False,no_branch
0.7,0.35,0.06,0.015,0.25,0.16486816,False,nan,nan,nan,nan,False,nan,False,no_branch
0.7,0.35,0.06,0.03,0.5,0.1584375,False,nan,nan,nan,nan,False,nan,False,no_branch
0.7,0.35,0.06,0.03,0.5,0.16486816,False,nan,nan,nan,nan,False,nan,False,no_branch
0.7,0.35,0.06,0.045,0.75,0.1584375,False,nan,nan,nan,nan,False,nan,False,no_branch
0.7,0.35,0.06,0.045,0.75,0.16486816,False,nan,nan,nan,nan,False,nan,False,no_branch
0.7,0.35,0.08,0.02,0.25,0.1584375,True,5.087983891108891,0.03305454785719775,0.0023294734521113305,0.16585153357319873,True,-0.0032072898850372183,True,branch_stable
0.7,0.35,0.08,0.02,0.25,0.16486816,True,5.122430643276724,0.020171890588429164,0.00217070221148062,0.10115840827151427,True,-0.0019290345887335875,True,branch_stable
0.7,0.35,0.08,0.04,0.5,0.1584375,True,4.916530552780553,0.05974155074583365,0.00199918561723101,0.29172197389515,True,-0.006049009954096502,True,branch_stable
0.7,0.35,0.08,0.04,0.5,0.16486816,True,4.9667166825707625,0.04513589378452387,0.0018982716723385197,0.22227892496999818,True,-0.004513493393133715,True,branch_stable
0.7,0.35,0.08,0.06,0.75,0.1584375,True,4.402170537795537,0.13980255941174136,0.0010083221125900556,0.6144263860381879,True,-0.011042324879137892,True,branch_stable
0.7,0.35,0.08,0.06,0.75,0.16486816,True,4.499574800452881,0.12002790337280977,0.0010809800549122183,0.538993549312576,True,-0.013390537523619137,True,branch_stable
0.7,0.35,0.1,0.025,0.25,0.1584375,True,4.742660464535465,0.08812205957589292,0.004175267015485226,0.413757740988541,True,-0.009233135948538982,True,branch_stable
0.7,0.35,0.1,0.025,0.25,0.16486816,True,4.770811465654346,0.07789907889690362,0.004139745300349706,0.3675020734649106,True,-0.00810038968453621,True,branch_stable
0.7,0.35,0.1,0.05,0.5,0.1584375,True,4.398545412920413,0.1411594281817461,0.002512168261550842,0.6183839870577369,True,-0.016098587752622177,True,branch_stable
0.7,0.35,0.1,0.05,0.5,0.16486816,True,4.439287916137196,0.13054328610510701,0.0025961286049011366,0.5769231039343411,True,-0.014734684568450665,True,branch_stable
0.7,0.35,0.1,0.07500000000000001,0.75,0.1584375,False,nan,nan,nan,nan,False,nan,False,no_branch
0.7,0.35,0.1,0.07500000000000001,0.75,0.16486816,False,nan,nan,nan,nan,False,nan,False,no_branch
0.7,0.4,0.06,0.015,0.25,0.1584375,False,nan,nan,nan,nan,False,nan,False,no_branch
0.7,0.4,0.06,0.015,0.25,0.16486816,False,nan,nan,nan,nan,False,nan,False,no_branch
0.7,0.4,0.06,0.03,0.5,0.1584375,False,nan,nan,nan,nan,False,nan,False,no_branch
0.7,0.4,0.06,0.03,0.5,0.16486816,False,nan,nan,nan,nan,False,nan,False,no_branch
0.7,0.4,0.06,0.045,0.75,0.1584375,False,nan,nan,nan,nan,False,nan,False,no_branch
0.7,0.4,0.06,0.045,0.75,0.16486816,False,nan,nan,nan,nan,False,nan,False,no_branch
0.7,0.4,0.08,0.02,0.25,0.1584375,True,4.978934659090907,0.07992191213815936,0.0023558372374131963,0.3955701411280867,True,-0.008004070252947491,True,branch_stable
0.7,0.4,0.08,0.02,0.25,0.16486816,True,5.0113802618181795,0.0680677160377634,0.0022019255583879092,0.3389112830603044,True,-0.006765624694121034,True,branch_stable
0.7,0.4,0.08,0.04,0.5,0.1584375,True,4.812959280303028,0.10250387185307552,0.0020225085384114583,0.49132445276384074,True,-0.010652037524850524,True,branch_stable
0.7,0.4,0.08,0.04,0.5,0.16486816,True,4.860020019393938,0.08933041353664528,0.0019247154902485332,0.4322228826385867,True,-0.009184146831398989,True,branch_stable
0.7,0.4,0.08,0.06,0.75,0.1584375,True,4.315033143939392,0.17024975099781514,0.0010225224414062485,0.7336107958615946,True,-0.00738649534208622,True,branch_stable
0.7,0.4,0.08,0.06,0.75,0.16486816,True,4.405939292121212,0.1531185060332927,0.0010930852858304016,0.6735377567971527,True,-0.010022916680558526,True,branch_stable
0.7,0.4,0.1,0.025,0.25,0.1584375,True,4.643991477272725,0.12701413158552732,0.004226891883680559,0.5856256526927048,True,-0.013656851060525832,True,branch_stable
0.7,0.4,0.1,0.025,0.25,0.16486816,True,4.670591025454543,0.11750451617687574,0.004192478854043663,0.5446230598520504,True,-0.012550022504655508,True,branch_stable
0.7,0.4,0.1,0.05,0.5,0.1584375,True,4.310544507575756,0.17177641352412465,0.0025451902994791677,0.737904685547998,True,-0.0200423871293536,True,branch_stable
0.7,0.4,0.1,0.05,0.5,0.16486816,True,4.348836164848483,0.1621198262453145,0.0026266452253988263,0.7024059181891772,True,-0.018730753287963114,True,branch_stable
0.7,0.4,0.1,0.07500000000000001,0.75,0.1584375,False,nan,nan,nan,nan,False,nan,False,no_branch
0.7,0.4,0.1,0.07500000000000001,0.75,0.16486816,False,nan,nan,nan,nan,False,nan,False,no_branch
0.7,0.45,0.06,0.015,0.25,0.1584375,False,nan,nan,nan,nan,False,nan,False,no_branch
0.7,0.45,0.06,0.015,0.25,0.16486816,False,nan,nan,nan,nan,False,nan,False,no_branch
0.7,0.45,0.06,0.03,0.5,0.1584375,False,nan,nan,nan,nan,False,nan,False,no_branch
0.7,0.45,0.06,0.03,0.5,0.16486816,False,nan,nan,nan,nan,False,nan,False,no_branch
0.7,0.45,0.06,0.045,0.75,0.1584375,False,nan,nan,nan,nan,False,nan,False,no_branch
0.7,0.45,0.06,0.045,0.75,0.16486816,False,nan,nan,nan,nan,False,nan,False,no_branch
0.7,0.45,0.08,0.02,0.25,0.1584375,True,4.836344008264462,0.1610726286212767,0.0023033563212468467,0.7766992860066716,True,-0.016718316705643513,True,branch_stable
0.7,0.45,0.08,0.02,0.25,0.16486816,True,4.866424616198347,0.1508998764200058,0.0021521561636253755,0.7321907170279792,True,-0.015557929409796577,True,branch_stable
0.7,0.45,0.08,0.04,0.5,0.1584375,True,4.683699724517906,0.17706726690577845,0.0019932296295785993,0.8273366795981545,True,-0.019011028009273512,True,branch_stable
0.7,0.45,0.08,0.04,0.5,0.16486816,True,4.727066820055096,0.1660665655012803,0.0018936680395713937,0.7831140836620369,True,-0.01765467961171306,True,branch_stable
0.7,0.45,0.08,0.06,0.75,0.1584375,True,4.225766873278236,0.22505118175928018,0.0010628495545738632,0.9499509791159115,True,-0.0052370524196413215,True,branch_stable
0.7,0.45,0.08,0.06,0.75,0.16486816,True,4.308993431625344,0.21156663274511267,0.0011182036674094555,0.9105210271823726,True,-0.0060232170018316945,True,branch_stable
0.7,0.45,0.1,0.025,0.25,0.1584375,True,4.5136683884297515,0.19671891622080828,0.004236751395580806,0.8836872021564423,True,-0.021898964570800105,True,branch_stable
0.7,0.45,0.1,0.025,0.25,0.16486816,True,4.538434401322314,0.1884791782357631,0.004200617033766967,0.8511997694043802,True,-0.02085350209886933,True,branch_stable
0.7,0.45,0.1,0.05,0.5,0.1584375,True,4.19968629476584,0.22890868565507638,0.002596547531912879,0.9587481223665733,True,-0.016052933771665133,True,branch_stable
0.7,0.45,0.1,0.05,0.5,0.16486816,True,4.235081497741047,0.22080750557491768,0.0026695846356171145,0.9324681967870698,True,-0.01893869739212027,True,branch_stable
0.7,0.45,0.1,0.07500000000000001,0.75,0.1584375,False,nan,nan,nan,nan,False,nan,False,no_branch
0.7,0.45,0.1,0.07500000000000001,0.75,0.16486816,False,nan,nan,nan,nan,False,nan,False,no_branch
0.75,0.25,0.06,0.015,0.25,0.1584375,False,nan,nan,nan,nan,False,nan,False,no_branch
0.75,0.25,0.06,0.015,0.25,0.16486816,False,nan,nan,nan,nan,False,nan,False,no_branch
0.75,0.25,0.06,0.03,0.5,0.1584375,False,nan,nan,nan,nan,False,nan,False,no_branch
0.75,0.25,0.06,0.03,0.5,0.16486816,False,nan,nan,nan,nan,False,nan,False,no_branch
0.75,0.25,0.06,0.045,0.75,0.1584375,False,nan,nan,nan,nan,False,nan,False,no_branch
0.75,0.25,0.06,0.045,0.75,0.16486816,False,nan,nan,nan,nan,False,nan,False,no_branch
0.75,0.25,0.08,0.02,0.25,0.1584375,True,5.453607954545453,-0.04889282818194296,0.0016607521484374999,-0.26830306884170574,False,0.004503050114291241,True,branch_unstable
0.75,0.25,0.08,0.02,0.25,0.16486816,True,5.488229588686868,-0.06248754025195957,0.001505294819196444,-0.3444512621542626,False,0.005705939961689863,True,branch_unstable
0.75,0.25,0.08,0.04,0.5,0.1584375,True,5.317339015151514,-0.022188533071522798,0.0014585333007812486,-0.11944248589096909,False,0.0021105289412347806,True,branch_unstable
0.75,0.25,0.08,0.04,0.5,0.16486816,True,5.368199689696968,-0.03833859844460363,0.001348400665461333,-0.2071576529391992,False,0.0035894630660352382,True,branch_unstable
0.75,0.25,0.08,0.06,0.75,0.1584375,True,4.908532196969697,0.05792435225973058,0.000851876757812501,0.28347167129768946,True,-0.005896821264265115,True,branch_stable
0.75,0.25,0.08,0.06,0.75,0.16486816,True,5.008109992727271,0.034108226977458855,0.0008777182042559995,0.16994003415576558,True,-0.0033923738398686522,True,branch_stable
0.75,0.25,0.1,0.025,0.25,0.1584375,True,5.137004419191918,0.013879494051666441,0.0032180008680555575,0.06808102141150289,True,-0.001290577651933139,True,branch_stable
0.75,0.25,0.1,0.025,0.25,0.16486816,True,5.165130437171716,0.0032689891206540977,0.0031756705770238235,0.013709084628849861,True,-0.0002569502687927814,True,branch_stable
0.75,0.25,0.1,0.05,0.5,0.1584375,True,4.842433712121211,0.07133848152889222,0.0020368183593750004,0.34341504956766894,True,-0.007344691239954548,True,branch_stable
0.75,0.25,0.1,0.05,0.5,0.16486816,True,4.883550962424241,0.05966472686431601,0.002096376281369068,0.2892793580196409,True,-0.006079821813195039,True,branch_stable
0.75,0.25,0.1,0.07500000000000001,0.75,0.1584375,False,nan,nan,nan,nan,False,nan,False,no_branch
0.75,0.25,0.1,0.07500000000000001,0.75,0.16486816,False,nan,nan,nan,nan,False,nan,False,no_branch
0.75,0.3,0.06,0.015,0.25,0.1584375,False,nan,nan,nan,nan,False,nan,False,no_branch
0.75,0.3,0.06,0.015,0.25,0.16486816,False,nan,nan,nan,nan,False,nan,False,no_branch
0.75,0.3,0.06,0.03,0.5,0.1584375,False,nan,nan,nan,nan,False,nan,False,no_branch
0.75,0.3,0.06,0.03,0.5,0.16486816,False,nan,nan,nan,nan,False,nan,False,no_branch
0.75,0.3,0.06,0.045,0.75,0.1584375,False,nan,nan,nan,nan,False,nan,False,no_branch
0.75,0.3,0.06,0.045,0.75,0.16486816,False,nan,nan,nan,nan,False,nan,False,no_branch
0.75,0.3,0.08,0.02,0.25,0.1584375,True,5.401849221380471,-0.04263509556696654,0.0017285801219838806,-0.23203693791388405,False,0.003970082813542815,True,branch_unstable
0.75,0.3,0.08,0.02,0.25,0.16486816,True,5.435464035016834,-0.056133919637737506,0.001578294721011022,-0.3066921960564584,False,0.0051804581970105205,True,branch_unstable
0.75,0.3,0.08,0.04,0.5,0.1584375,True,5.262378246753246,-0.016074056296110584,0.0015089004767751136,-0.0860966646665145,False,0.0015535719356592195,True,branch_unstable
0.75,0.3,0.08,0.04,0.5,0.16486816,True,5.311652135064935,-0.0319183429400649,0.0014051748486838848,-0.1709443092740144,False,0.0030259851761147366,True,branch_unstable
0.75,0.3,0.08,0.06,0.75,0.1584375,True,4.843965322871572,0.06360906151645018,0.0008498615411488193,0.30727022666494047,True,-0.006565443089617631,True,branch_stable
0.75,0.3,0.08,0.06,0.75,0.16486816,True,4.940216435209234,0.04072838715294225,0.0008858152317024722,0.20032123236082744,True,-0.004110789088130664,True,branch_stable
0.75,0.3,0.1,0.025,0.25,0.1584375,True,5.090600574194323,0.01742051931454114,0.003275114939600991,0.08540579068576543,True,-0.001648883284478554,True,branch_stable
0.75,0.3,0.1,0.025,0.25,0.16486816,True,5.117951757960558,0.006772168018970959,0.003236021601068079,0.031423607616828615,True,-0.0005999637592848223,True,branch_stable
0.75,0.3,0.1,0.05,0.5,0.1584375,True,4.795505275974025,0.07332571706352908,0.0020458181717364497,0.3495880448709959,True,-0.007624879491112099,True,branch_stable
0.75,0.3,0.1,0.05,0.5,0.16486816,True,4.83538371948052,0.061757139582374165,0.0021088806373051328,0.2965105866609929,True,-0.006357460689065253,True,branch_stable
0.75,0.3,0.1,0.07500000000000001,0.75,0.1584375,False,nan,nan,nan,nan,False,nan,False,no_branch
0.75,0.3,0.1,0.07500000000000001,0.75,0.16486816,False,nan,nan,nan,nan,False,nan,False,no_branch
0.75,0.35,0.06,0.015,0.25,0.1584375,False,nan,nan,nan,nan,False,nan,False,no_branch
0.75,0.35,0.06,0.015,0.25,0.16486816,False,nan,nan,nan,nan,False,nan,False,no_branch
0.75,0.35,0.06,0.03,0.5,0.1584375,False,nan,nan,nan,nan,False,nan,False,no_branch
0.75,0.35,0.06,0.03,0.5,0.16486816,False,nan,nan,nan,nan,False,nan,False,no_branch
0.75,0.35,0.06,0.045,0.75,0.1584375,False,nan,nan,nan,nan,False,nan,False,no_branch
0.75,0.35,0.06,0.045,0.75,0.16486816,False,nan,nan,nan,nan,False,nan,False,no_branch
0.75,0.35,0.08,0.02,0.25,0.1584375,True,5.33938544094794,-0.031986459416085467,0.0017997603121939574,-0.17258779602591284,False,0.0030234365315937295,True,branch_unstable
0.75,0.35,0.08,0.02,0.25,0.16486816,True,5.371838538616939,-0.04530253887747726,0.0016550095447441448,-0.24501293378396866,False,0.004238612139649158,True,branch_unstable
0.75,0.35,0.08,0.04,0.5,0.1584375,True,5.1971991550116545,-0.005942956264050281,0.0015612509636251353,-0.032447978237418476,False,0.0006005010240095789,True,branch_unstable
0.75,0.35,0.08,0.04,0.5,0.16486816,True,5.244642136130536,-0.02136381521122921,0.0014641386793514614,-0.11350970412467067,False,0.0020617004329477368,True,branch_unstable
0.75,0.35,0.08,0.06,0.75,0.1584375,True,4.770640297202797,0.07218755319205172,0.0008457229179186701,0.34353512729655367,True,-0.007571206407263223,True,branch_stable
0.75,0.35,0.08,0.06,0.75,0.16486816,True,4.863052928671328,0.0504523557875185,0.0008915260831734071,0.24446095048768623,True,-0.005179456799623505,True,branch_stable
0.75,0.35,0.1,0.025,0.25,0.1584375,True,5.03431551087801,0.024740824701790842,0.0033372394370924058,0.12121587811104706,True,-0.0023935937774022032,True,branch_stable
0.75,0.35,0.1,0.025,0.25,0.16486816,True,5.060772655167056,0.014116722190820497,0.0033014480677332515,0.06814007357616109,True,-0.0013309335211859835,True,branch_stable
0.75,0.35,0.1,0.05,0.5,0.1584375,True,4.7395942599067595,0.07839737701725547,0.002056316793849325,0.3695154413088808,True,-0.008253287541103979,True,branch_stable
0.75,0.35,0.1,0.05,0.5,0.16486816,True,4.77804331095571,0.06701448349571493,0.0021226436067116384,0.3180754609971409,True,-0.006986560682316713,True,branch_stable
0.75,0.35,0.1,0.07500000000000001,0.75,0.1584375,False,nan,nan,nan,nan,False,nan,False,no_branch
0.75,0.35,0.1,0.07500000000000001,0.75,0.16486816,False,nan,nan,nan,nan,False,nan,False,no_branch
0.75,0.4,0.06,0.015,0.25,0.1584375,False,nan,nan,nan,nan,False,nan,False,no_branch
0.75,0.4,0.06,0.015,0.25,0.16486816,False,nan,nan,nan,nan,False,nan,False,no_branch
0.75,0.4,0.06,0.03,0.5,0.1584375,False,nan,nan,nan,nan,False,nan,False,no_branch
0.75,0.4,0.06,0.03,0.5,0.16486816,False,nan,nan,nan,nan,False,nan,False,no_branch
0.75,0.4,0.06,0.045,0.75,0.1584375,False,nan,nan,nan,nan,False,nan,False,no_branch
0.75,0.4,0.06,0.045,0.75,0.16486816,False,nan,nan,nan,nan,False,nan,False,no_branch
0.75,0.4,0.08,0.02,0.25,0.1584375,True,5.262267203282828,-0.014013872717852038,0.00187083999236181,-0.07561558278649458,False,0.001364598102428661,True,branch_unstable
0.75,0.4,0.08,0.02,0.25,0.16486816,True,5.293364965656566,-0.02700372710854282,0.0017318762154241991,-0.14467245923393524,False,0.0025790759690122187,True,branch_unstable
0.75,0.4,0.08,0.04,0.5,0.1584375,True,5.118428706709956,0.010896306646669629,0.0016133442236541666,0.05415862451377416,True,-0.0010340334621722932,True,branch_stable
0.75,0.4,0.08,0.04,0.5,0.16486816,True,5.1637356294372285,-0.003919133159705268,0.0015227413596912056,-0.0217601088929702,False,0.0004079713346413081,True,branch_unstable
0.75,0.4,0.08,0.06,0.75,0.1584375,True,4.686913216991341,0.08562684474023463,0.0008408569175312426,0.40048473342473995,True,-0.009151195003817968,True,branch_stable
0.75,0.4,0.08,0.06,0.75,0.16486816,True,4.77484762077922,0.06533464868681449,0.0008953367924922222,0.31106765504419015,True,-0.006841456106118509,True,branch_stable
0.75,0.4,0.1,0.025,0.25,0.1584375,True,4.964405776515152,0.03851125652840537,0.0034032348120330742,0.18778226955843938,True,-0.0038154520849746558,True,branch_stable
0.75,0.4,0.1,0.025,0.25,0.16486816,True,4.989819874747474,0.02802170098747858,0.003370625658111955,0.1364526148534396,True,-0.0027431407309898227,True,branch_stable
0.75,0.4,0.1,0.05,0.5,0.1584375,True,4.671636566558441,0.08884478349710179,0.002069772820386527,0.41298076651264215,True,-0.009499981498209537,True,branch_stable
0.75,0.4,0.1,0.05,0.5,0.16486816,True,4.708417993073593,0.07777979196537466,0.0021387018909482997,0.3640810700963426,True,-0.00824008865239088,True,branch_stable
0.75,0.4,0.1,0.07500000000000001,0.75,0.1584375,False,nan,nan,nan,nan,False,nan,False,no_branch
0.75,0.4,0.1,0.07500000000000001,0.75,0.16486816,False,nan,nan,nan,nan,False,nan,False,no_branch
0.75,0.45,0.06,0.015,0.25,0.1584375,False,nan,nan,nan,nan,False,nan,False,no_branch
0.75,0.45,0.06,0.015,0.25,0.16486816,False,nan,nan,nan,nan,False,nan,False,no_branch
0.75,0.45,0.06,0.03,0.5,0.1584375,False,nan,nan,nan,nan,False,nan,False,no_branch
0.75,0.45,0.06,0.03,0.5,0.16486816,False,nan,nan,nan,nan,False,nan,False,no_branch
0.75,0.45,0.06,0.045,0.75,0.1584375,False,nan,nan,nan,nan,False,nan,False,no_branch
0.75,0.45,0.06,0.045,0.75,0.16486816,False,nan,nan,nan,nan,False,nan,False,no_branch
0.75,0.45,0.08,0.02,0.25,0.1584375,True,5.164183023415978,0.016838522468733075,0.0019329870561079587,0.08502422481633189,True,-0.0015950404146914247,True,branch_stable
0.75,0.45,0.08,0.02,0.25,0.16486816,True,5.1936790258953165,0.0044224065997759965,0.001799765952069821,0.021168794449167794,True,-0.000392442445707953,True,branch_stable
0.75,0.45,0.08,0.04,0.5,0.1584375,True,5.020872073002755,0.03958368742784657,0.0016596258966619344,0.19708500485628316,True,-0.003915050582894685,True,branch_stable
0.75,0.45,0.08,0.04,0.5,0.16486816,True,5.063654563085399,0.025670946416838092,0.0015747422881047287,0.12841406267423827,True,-0.0025065671585953854,True,branch_stable
0.75,0.45,0.08,0.06,0.75,0.1584375,True,4.590939221763085,0.10781918230518883,0.0008395424183238632,0.4941517704849919,True,-0.011783071744840702,True,branch_stable
0.75,0.45,0.08,0.06,0.75,0.16486816,True,4.673581174655647,0.08941656586801727,0.000899671296209455,0.41699590764691274,True,-0.009584806842265276,True,branch_stable
0.75,0.45,0.1,0.025,0.25,0.1584375,True,4.8748407369146,0.0638313787073077,0.003469074297664144,0.3076987309181427,True,-0.006491123755046745,True,branch_stable
0.75,0.45,0.1,0.025,0.25,0.16486816,True,4.899022144352617,0.05367731028183975,0.0034391294461003016,0.25952720227391907,True,-0.005418550056554469,True,branch_stable
0.75,0.45,0.1,0.05,0.5,0.1584375,True,4.586858643250689,0.10911169400793419,0.0020892650923295445,0.4983906516476878,True,-0.011905841505505787,True,branch_stable
0.75,0.45,0.1,0.05,0.5,0.16486816,True,4.621669240771349,0.09859202416215496,0.0021592958624837813,0.45350042959313347,True,-0.010664717262653056,True,branch_stable
0.75,0.45,0.1,0.07500000000000001,0.75,0.1584375,False,nan,nan,nan,nan,False,nan,False,no_branch
0.75,0.45,0.1,0.07500000000000001,0.75,0.16486816,False,nan,nan,nan,nan,False,nan,False,no_branch
