stress,treatment,evolve_q,initial_n,initial_w,initial_q,frozen_q_value,solver,rtol,atol,T,n_eval,classification,persistent_predator,min_w,threshold_crossed,threshold_safe_persistent,finite_time_status,tail_mean_w,tail_min_w,tail_slope_w,tail_slope_floor_w,tail_mean_q,q_change_from_initial,final_n,final_w,final_q,min_z,physical,solver_success,notes
0.0,frozen_q,False,4.833333333333334,0.6416666666666666,0.672614741580259,0.672614741580259,LSODA,1e-08,1e-10,3000.0,1201,persistent,True,0.6416666661290971,False,True,persistent_above_threshold,0.641666666666666,0.6416666666666662,0.0,-0.00021388888888888868,0.6726147415802589,-1.1102230246251565e-16,4.833333333333335,0.6416666666666662,0.672614741580259,1.191666666666425,True,True,q frozen at q_star_s0
0.0,evolving_q,True,4.833333333333334,0.6416666666666666,0.672614741580259,0.672614741580259,LSODA,1e-08,1e-10,3000.0,1201,persistent,True,0.6416666661300362,False,True,persistent_above_threshold,0.6416666666666665,0.6416666666666665,0.0,-0.00021388888888888884,0.6726147415802589,-1.1102230246251565e-16,4.833333333333334,0.6416666666666665,0.6726147415802588,1.1916666666664404,True,True,q evolves under selection
0.0029054305555555565,frozen_q,False,4.833333333333334,0.6416666666666666,0.672614741580259,0.672614741580259,LSODA,1e-08,1e-10,3000.0,1201,persistent,True,0.6209021506444227,False,True,persistent_above_threshold,0.6209021506444229,0.6209021506444227,-4.74192812753146e-19,-0.00020696738354814096,0.6726147415802589,-1.1102230246251565e-16,4.869382324901145,0.6209021506444227,0.672614741580259,1.176382191121099,True,True,q frozen at q_star_s0
0.0029054305555555565,evolving_q,True,4.833333333333334,0.6416666666666666,0.672614741580259,0.672614741580259,LSODA,1e-08,1e-10,3000.0,1201,persistent,True,0.6248748335306991,False,True,persistent_above_threshold,0.6416666662326189,0.6416666648088667,2.8080920022997943e-12,-0.00021388888874420632,0.6642074191673403,-0.00840732241291875,4.833333333354202,0.6416666666547169,0.6642074190218831,1.179290309176827,True,True,q evolves under selection
0.005810861111111113,frozen_q,False,4.833333333333334,0.6416666666666666,0.672614741580259,0.672614741580259,LSODA,1e-08,1e-10,3000.0,1201,persistent,True,0.5998181783667957,False,True,persistent_above_threshold,0.5998181784109379,0.5998181784109254,3.318300313435673e-17,-0.00019993939280364597,0.6726147415802589,-1.1102230246251565e-16,4.905985920017266,0.5998181784109503,0.672614741580259,1.160862568204306,True,True,q frozen at q_star_s0
0.005810861111111113,evolving_q,True,4.833333333333334,0.6416666666666666,0.672614741580259,0.672614741580259,LSODA,1e-08,1e-10,3000.0,1201,persistent,True,0.6079864368287602,False,True,persistent_above_threshold,0.6416666657534387,0.641666663016469,4.083929131163985e-12,-0.00021388888858447957,0.6558000967649894,-0.01681464481526962,4.833333334195984,0.6416666661739165,0.6558000966224702,1.1668219507693536,True,True,q evolves under selection
0.008716291666666669,frozen_q,False,4.833333333333334,0.6416666666666666,0.672614741580259,0.672614741580259,LSODA,1e-08,1e-10,3000.0,1201,persistent,True,0.578399535140653,False,True,persistent_above_threshold,0.5783995357198669,0.5783995356900803,-7.416567590108502e-14,-0.00019279984523995565,0.6726147415802589,-1.1102230246251565e-16,4.943170531979876,0.5783995356900803,0.672614741580259,1.1450965985730324,True,True,q frozen at q_star_s0
0.008716291666666669,evolving_q,True,4.833333333333334,0.6416666666666666,0.672614741580259,0.672614741580259,LSODA,1e-08,1e-10,3000.0,1201,persistent,True,0.5910153914896007,False,True,persistent_above_threshold,0.641666666296579,0.6416666655063209,2.016820526088479e-12,-0.00021388888876552634,0.6473927740162126,-0.025221967564046377,4.8333333332574915,0.6416666667098796,0.6473927738783561,1.1542648793643635,True,True,q evolves under selection
0.011621722222222226,frozen_q,False,4.833333333333334,0.6416666666666666,0.672614741580259,0.672614741580259,LSODA,1e-08,1e-10,3000.0,1201,persistent,True,0.5566297609855827,False,True,persistent_above_threshold,0.556629761019118,0.5566297610191178,-7.694054898429745e-19,-0.00018554325367303932,0.6726147415802589,-1.1102230246251565e-16,4.980964739302891,0.5566297610191178,0.672614741580259,1.129072166328683,True,True,q frozen at q_star_s0
0.011621722222222226,evolving_q,True,4.833333333333334,0.6416666666666666,0.672614741580259,0.672614741580259,LSODA,1e-08,1e-10,3000.0,1201,persistent,True,0.5739772935856932,False,True,persistent_above_threshold,0.6416666666711809,0.6416666666670346,-1.398312397839412e-14,-0.00021388888889039363,0.6389854513287979,-0.03362929025146111,4.833333333332686,0.6416666666670346,0.6389854513301582,1.141577017301274,True,True,q evolves under selection
0.014527152777777783,frozen_q,False,4.833333333333334,0.6416666666666666,0.672614741580259,0.672614741580259,LSODA,1e-08,1e-10,3000.0,1201,persistent,True,0.5344909970478171,False,True,persistent_above_threshold,0.5344909971399001,0.5344909971398925,-2.0459838967036412e-17,-0.00017816366571330003,0.6726147415802589,-1.1102230246251565e-16,5.019399543733152,0.5344909971398925,0.672614741580259,1.1127761257231206,True,True,q frozen at q_star_s0
0.014527152777777783,evolving_q,True,4.833333333333334,0.6416666666666666,0.672614741580259,0.672614741580259,LSODA,1e-08,1e-10,3000.0,1201,persistent,True,0.5568105246699527,False,True,persistent_above_threshold,0.6416666665004639,0.641666666305172,-4.778846820315868e-13,-0.00021388888883348795,0.6305781288213704,-0.04203661275888859,4.833333333422417,0.6416666666161578,0.6305781287840707,1.1287975956430132,True,True,q evolves under selection
0.017432583333333338,frozen_q,False,4.833333333333334,0.6416666666666666,0.672614741580259,0.672614741580259,LSODA,1e-08,1e-10,3000.0,1201,persistent,True,0.5119638200941685,False,True,persistent_above_threshold,0.5119638200957486,0.5119638200957054,1.1517869059823407e-16,-0.00017065460669858288,0.6726147415802589,-1.1102230246251565e-16,5.058508666933489,0.5119638200957918,0.672614741580259,1.0961941796361463,True,True,q frozen at q_star_s0
0.017432583333333338,evolving_q,True,4.833333333333334,0.6416666666666666,0.672614741580259,0.672614741580259,LSODA,1e-08,1e-10,3000.0,1201,persistent,True,0.5395521454151486,False,True,persistent_above_threshold,0.6416666677516487,0.6416666665448106,-6.059944312958549e-12,-0.00021388888925054958,0.6221708058616486,-0.05044393571861039,4.833333333473394,0.6416666665874472,0.6221708062303807,1.1159401519349281,True,True,q evolves under selection
0.020338013888888895,frozen_q,False,4.833333333333334,0.6416666666666666,0.672614741580259,0.672614741580259,LSODA,1e-08,1e-10,3000.0,1201,persistent,True,0.4890270392335598,False,True,persistent_above_threshold,0.4890270394311172,0.48902703943091097,-5.499291687676964e-16,-0.00016300901314370573,0.6726147415802589,-1.1102230246251565e-16,5.09832889736387,0.48902703943091097,0.672614741580259,1.079310729721328,True,True,q frozen at q_star_s0
0.020338013888888895,evolving_q,True,4.833333333333334,0.6416666666666666,0.672614741580259,0.672614741580259,LSODA,1e-08,1e-10,3000.0,1201,persistent,True,0.5222404951100448,False,True,persistent_above_threshold,0.6416666665073572,0.6416666660887065,-1.3902314550320986e-12,-0.00021388888883578573,0.6137634836925259,-0.058851257887733155,4.83333333386395,0.6416666663672588,0.6137634837360096,1.102960098319674,True,True,q evolves under selection
0.023243444444444452,frozen_q,False,4.833333333333334,0.6416666666666666,0.672614741580259,0.672614741580259,LSODA,1e-08,1e-10,3000.0,1201,persistent,True,0.4656574648133019,False,True,persistent_above_threshold,0.46565746481498604,0.4656574648148599,2.509335992658021e-16,-0.0001552191549383287,0.6726147415802589,-1.1102230246251565e-16,5.138900495438605,0.4656574648150399,0.672614741580259,1.0621087064116987,True,True,q frozen at q_star_s0
0.023243444444444452,evolving_q,True,4.833333333333334,0.6416666666666666,0.672614741580259,0.672614741580259,LSODA,1e-08,1e-10,3000.0,1201,persistent,True,0.504897778063744,False,True,persistent_above_threshold,0.6416666665239091,0.6416666660309938,-4.3601528312659977e-13,-0.00021388888884130305,0.605356161123883,-0.067258580456376,4.833333333662542,0.6416666664813513,0.6053561611368564,1.0898482454517313,True,True,q evolves under selection
0.02614887500000001,frozen_q,False,4.833333333333334,0.6416666666666666,0.672614741580259,0.672614741580259,LSODA,1e-08,1e-10,3000.0,1201,persistent,True,0.44182963138561704,False,True,persistent_above_threshold,0.4418296313864909,0.44182963138648707,9.995910626157335e-18,-0.00014727654379549697,0.6726147415802589,-1.1102230246251565e-16,5.180267670354923,0.4418296313864943,0.672614741580259,1.044569364924584,True,True,q frozen at q_star_s0
0.02614887500000001,evolving_q,True,4.833333333333334,0.6416666666666666,0.672614741580259,0.672614741580259,LSODA,1e-08,1e-10,3000.0,1201,persistent,True,0.48736678695976,False,True,persistent_above_threshold,0.6416666668476315,0.6416666665647521,-9.337088723661043e-13,-0.00021388888894921052,0.5969488384636346,-0.07566590311662447,4.833333333349005,0.6416666666578658,0.5969488385204383,1.0766724167597277,True,True,q evolves under selection
0.029054305555555566,frozen_q,False,4.833333333333334,0.6416666666666666,0.672614741580259,0.672614741580259,LSODA,1e-08,1e-10,3000.0,1201,persistent,True,0.4175154746076639,False,True,persistent_above_threshold,0.417515474607667,0.4175154746076647,6.2533615365148965e-18,-0.00013917182486922235,0.6726147415802589,-1.1102230246251565e-16,5.222479144571772,0.41751547460766936,0.672614741580259,1.0266720474872209,True,True,q frozen at q_star_s0
0.029054305555555566,evolving_q,True,4.833333333333334,0.6416666666666666,0.672614741580259,0.672614741580259,LSODA,1e-08,1e-10,3000.0,1201,persistent,True,0.4698050300025248,False,True,persistent_above_threshold,0.6416666664856152,0.6416666662166405,-7.769936738386013e-13,-0.0002138888888285384,0.5885415160084418,-0.08407322557181718,4.833333333584873,0.6416666665257349,0.5885415159966589,1.0633761761010982,True,True,q evolves under selection
0.03195973611111112,frozen_q,False,4.833333333333334,0.6416666666666666,0.672614741580259,0.672614741580259,LSODA,1e-08,1e-10,3000.0,1201,persistent,True,0.39268394280181484,False,True,persistent_above_threshold,0.39268394280183266,0.39268394280181984,3.422901784139746e-17,-0.00013089464760061088,0.6726147415802589,-1.1102230246251565e-16,5.2655888264793616,0.3926839428018455,0.672614741580259,1.0083938973854363,True,True,q frozen at q_star_s0
0.03195973611111112,evolving_q,True,4.833333333333334,0.6416666666666666,0.672614741580259,0.672614741580259,LSODA,1e-08,1e-10,3000.0,1201,persistent,True,0.45224836931671625,False,True,persistent_above_threshold,0.6416666665768223,0.6416666640210735,8.878712387255195e-13,-0.00021388888885894074,0.5801341934191178,-0.09248054816114126,4.833333333298973,0.6416666666859037,0.580134193386794,1.0499336286925447,True,True,q evolves under selection
0.034865166666666676,frozen_q,False,4.833333333333334,0.6416666666666666,0.672614741580259,0.672614741580259,LSODA,1e-08,1e-10,3000.0,1201,persistent,True,0.3673005321201694,False,True,persistent_above_threshold,0.36730053212017294,0.3673005321201694,-1.7412701668832194e-17,-0.0001224335107067243,0.6726147415802589,-1.1102230246251565e-16,5.309656617736611,0.3673005321201694,0.672614741580259,0.9897095168098866,True,True,q frozen at q_star_s0
0.034865166666666676,evolving_q,True,4.833333333333334,0.6416666666666666,0.672614741580259,0.672614741580259,LSODA,1e-08,1e-10,3000.0,1201,persistent,True,0.43453837473684387,False,True,persistent_above_threshold,0.6416666666649037,0.6416666666633899,4.036877555226808e-15,-0.00021388888888830123,0.5717268708308151,-0.10088787074944394,4.83333333333378,0.6416666666664176,0.5717268708303893,1.0364569026186674,True,True,q evolves under selection
0.03777059722222224,frozen_q,False,4.833333333333334,0.6416666666666666,0.672614741580259,0.672614741580259,LSODA,1e-08,1e-10,3000.0,1201,persistent,True,0.3413267235254204,False,True,persistent_above_threshold,0.34132672406934567,0.3413267240674381,-1.168929564360996e-15,-0.00011377557468978189,0.6726147415802589,-1.1102230246251565e-16,5.354749389770895,0.3413267240697575,0.672614741580259,0.9705905524167663,True,True,q frozen at q_star_s0
0.03777059722222224,evolving_q,True,4.833333333333334,0.6416666666666666,0.672614741580259,0.672614741580259,LSODA,1e-08,1e-10,3000.0,1201,persistent,True,0.41679453468527805,False,True,persistent_above_threshold,0.6416666666428589,0.6416666663727522,3.3495695110375174e-13,-0.00021388888888095297,0.563319548274376,-0.109295193305883,4.833333333314736,0.6416666666770149,0.5633195482649769,1.022781073926335,True,True,q evolves under selection
0.04067602777777779,frozen_q,False,4.833333333333334,0.6416666666666666,0.672614741580259,0.672614741580259,LSODA,1e-08,1e-10,3000.0,1201,persistent,True,0.31471929919105585,False,True,persistent_above_threshold,0.3147192994412843,0.31471929942587296,-7.866955102920562e-16,-0.00010490643314709476,0.6726147415802589,-1.1102230246251565e-16,5.400942174885653,0.31471929942587296,0.672614741580259,0.9510051921789942,True,True,q frozen at q_star_s0
0.04067602777777779,evolving_q,True,4.833333333333334,0.6416666666666666,0.672614741580259,0.672614741580259,LSODA,1e-08,1e-10,3000.0,1201,persistent,True,0.3991160184477933,False,True,persistent_above_threshold,0.6416666666748982,0.6416666666677845,-1.8970070694081653e-14,-0.00021388888889163274,0.5549122257031156,-0.11770251587714342,4.8333333333313195,0.6416666666677845,0.5549122257050285,1.0090521829909425,True,True,q evolves under selection
0.04358145833333335,frozen_q,False,4.833333333333334,0.6416666666666666,0.672614741580259,0.672614741580259,LSODA,1e-08,1e-10,3000.0,1201,persistent,True,0.2874294935473326,False,True,persistent_above_threshold,0.2874294935793791,0.2874294935792089,3.8502456328202563e-16,-9.580983119312636e-05,0.6726147415802589,-1.1102230246251565e-16,5.4483196326502,0.287429493579474,0.672614741580259,0.9309175404129292,True,True,q frozen at q_star_s0
0.04358145833333335,evolving_q,True,4.833333333333334,0.6416666666666666,0.672614741580259,0.672614741580259,LSODA,1e-08,1e-10,3000.0,1201,persistent,True,0.38122527523167216,False,True,persistent_above_threshold,0.6416666664127291,0.6416666660866807,-9.93822713074093e-13,-0.00021388888880424304,0.5465049032094919,-0.12610983837076717,4.833333333772206,0.6416666664235638,0.546504903206654,0.995187063603739,True,True,q evolves under selection
0.046486888888888904,frozen_q,False,4.833333333333334,0.6416666666666666,0.672614741580259,0.672614741580259,LSODA,1e-08,1e-10,3000.0,1201,persistent,True,0.2594019460826929,False,True,persistent_above_threshold,0.2594019461793881,0.25940194616965834,6.6939531200322045e-15,-8.646731539312938e-05,0.6726147415802589,-1.1102230246251565e-16,5.4969778734096515,0.25940194618017315,0.672614741580259,0.9102868470040348,True,True,q frozen at q_star_s0
0.046486888888888904,evolving_q,True,4.833333333333334,0.6416666666666666,0.672614741580259,0.672614741580259,LSODA,1e-08,1e-10,3000.0,1201,persistent,True,0.36343869409371277,False,True,persistent_above_threshold,0.6416666666676838,0.6416666666667991,-2.3593119273607674e-15,-0.00021388888888922793,0.5380975805800787,-0.1345171610001803,4.833333333333094,0.6416666666667991,0.5380975805803053,0.9812270319526846,True,True,q evolves under selection
0.04939231944444446,frozen_q,False,4.833333333333334,0.6416666666666666,0.672614741580259,0.672614741580259,LSODA,1e-08,1e-10,3000.0,1201,persistent,True,0.23057338009674813,False,True,persistent_above_threshold,0.23057338014696507,0.23057338014691825,-1.3041975098785844e-16,-7.685779338232169e-05,0.6726147415802589,-1.1102230246251565e-16,5.547026751636894,0.23057338014691825,0.672614741580259,0.8890665348454604,True,True,q frozen at q_star_s0
0.04939231944444446,evolving_q,True,4.833333333333334,0.6416666666666666,0.672614741580259,0.672614741580259,LSODA,1e-08,1e-10,3000.0,1201,persistent,True,0.3455906705891175,False,True,persistent_above_threshold,0.6416666668669699,0.6416666666432164,-6.330100958061778e-13,-0.00021388888895565664,0.529690257967872,-0.14292448361238708,4.833333333364783,0.6416666666493229,0.5296902580221711,0.9671382225636522,True,True,q evolves under selection
0.05229775000000002,frozen_q,False,4.833333333333334,0.6416666666666666,0.672614741580259,0.672614741580259,LSODA,1e-08,1e-10,3000.0,1201,persistent,True,0.2008709195640556,False,True,persistent_above_threshold,0.2008709197649102,0.2008709197301265,-1.0641209202416025e-13,-6.695697325497007e-05,0.6726147415802589,-1.1102230246251565e-16,5.5985927858390205,0.20087091977773466,0.672614741580259,0.8672029608909663,True,True,q frozen at q_star_s0
0.05229775000000002,evolving_q,True,4.833333333333334,0.6416666666666666,0.672614741580259,0.672614741580259,LSODA,1e-08,1e-10,3000.0,1201,persistent,True,0.32777413407464817,False,True,persistent_above_threshold,0.6416666668660156,0.6416666666718092,-4.605718620653348e-13,-0.00021388888895533854,0.5212829354069556,-0.15133180617330344,4.833333333323988,0.6416666666718092,0.521282935454101,0.95299318407728,True,True,q evolves under selection
0.05520318055555557,frozen_q,False,4.833333333333334,0.6416666666666666,0.672614741580259,0.672614741580259,LSODA,1e-08,1e-10,3000.0,1201,persistent,True,0.17020991944698632,False,True,persistent_above_threshold,0.17020991953788012,0.17020991944932418,2.1019089352483554e-13,-5.6736639845960036e-05,0.6726147415802589,-1.1102230246251565e-16,5.651822927911327,0.1702099195704981,0.672614741580259,0.8446338190931484,True,True,q frozen at q_star_s0
0.05520318055555557,evolving_q,True,4.833333333333334,0.6416666666666666,0.672614741580259,0.672614741580259,LSODA,1e-08,1e-10,3000.0,1201,persistent,True,0.30997990801589703,False,True,persistent_above_threshold,0.6416666666685229,0.6416666666666657,-1.0398710629263913e-14,-0.00021388888888950762,0.5128756128924165,-0.15973912868784257,4.833333333333334,0.6416666666666663,0.5128756128928543,0.9386585672330883,True,True,q evolves under selection
0.05810861111111113,frozen_q,False,4.833333333333334,0.6416666666666666,0.672614741580259,0.672614741580259,LSODA,1e-08,1e-10,3000.0,1201,persistent,True,0.13849111720780968,False,True,persistent_above_threshold,0.13849111732342245,0.13849111721310758,-4.5405815724287046e-13,-4.6163705774474154e-05,0.6726147415802589,-1.1102230246251565e-16,5.706889505718643,0.1384911172562342,0.672614741580259,0.8212860436559054,True,True,q frozen at q_star_s0
0.05810861111111113,evolving_q,True,4.833333333333334,0.6416666666666666,0.672614741580259,0.672614741580259,LSODA,1e-08,1e-10,3000.0,1201,persistent,True,0.2922501699839989,False,True,persistent_above_threshold,0.6416666667344865,0.6416666665071677,3.4529110057501964e-13,-0.0002138888889114955,0.504468290314906,-0.168146451265353,4.833333333233715,0.6416666667212435,0.504468290317893,0.9242915364918192,True,True,q evolves under selection
0.061014041666666685,frozen_q,False,4.833333333333334,0.6416666666666666,0.672614741580259,0.672614741580259,LSODA,1e-08,1e-10,3000.0,1201,persistent,True,0.10559683560743283,False,True,persistent_above_threshold,0.10559683591742411,0.10559683560743283,-1.00586229962231e-12,-3.5198945305808034e-05,0.6726147415802589,-1.1102230246251565e-16,5.7639968169291205,0.10559683569537885,0.672614741580259,0.7970730139771276,True,True,q frozen at q_star_s0
0.061014041666666685,evolving_q,True,4.833333333333334,0.6416666666666666,0.672614741580259,0.672614741580259,LSODA,1e-08,1e-10,3000.0,1201,persistent,True,0.274551294343855,False,True,persistent_above_threshold,0.6416666666666475,0.641666666666446,-4.794281429382561e-16,-0.0002138888888888825,0.4960609677678685,-0.1765537738123905,4.83333333333336,0.6416666666666524,0.4960609677678676,0.9098367325857866,True,True,q evolves under selection
0.06391947222222225,frozen_q,False,4.833333333333334,0.6416666666666666,0.672614741580259,0.672614741580259,LSODA,1e-08,1e-10,3000.0,1201,persistent,True,0.07138581359733365,False,True,persistent_above_threshold,0.0713858348892832,0.07138581359733365,-1.0237132797857739e-10,-2.3795278296427734e-05,0.6726147415802589,-1.1102230246251565e-16,5.8233901033295785,0.07138581359733365,0.672614741580259,0.7718907497397548,True,True,q frozen at q_star_s0
0.06391947222222225,evolving_q,True,4.833333333333334,0.6416666666666666,0.672614741580259,0.672614741580259,LSODA,1e-08,1e-10,3000.0,1201,persistent,True,0.2570667505091737,False,True,persistent_above_threshold,0.6416666666870874,0.6416666666245485,-2.492607531324796e-13,-0.0002138888888956958,0.4876536452007517,-0.1849610963795073,4.833333333327077,0.6416666666700889,0.48765364520446386,0.8952216171649858,True,True,q evolves under selection
0.0668249027777778,frozen_q,False,4.833333333333334,0.6416666666666666,0.672614741580259,0.672614741580259,LSODA,1e-08,1e-10,3000.0,1201,persistent,True,0.03569253538656888,False,True,persistent_above_threshold,0.03570870527535976,0.03569253538656888,-5.99449620993275e-08,-1.1902901758453254e-05,0.6726147415802589,-1.1102230246251565e-16,5.885356707102251,0.03569253538656888,0.672614741580259,0.7456174241778468,True,True,q frozen at q_star_s0
0.0668249027777778,evolving_q,True,4.833333333333334,0.6416666666666666,0.672614741580259,0.672614741580259,LSODA,1e-08,1e-10,3000.0,1201,persistent,True,0.2395617158053568,False,True,persistent_above_threshold,0.641666666609261,0.6416666665290941,-2.571152390905344e-13,-0.00021388888886975365,0.47924632265476197,-0.19336841892549705,4.833333333408785,0.6416666666255955,0.4792463226513457,0.8805495525162114,True,True,q evolves under selection
0.06973033333333335,frozen_q,False,4.833333333333334,0.6416666666666666,0.672614741580259,0.672614741580259,LSODA,1e-08,1e-10,3000.0,1201,declining_transient,False,0.0035126826106189435,False,False,transient_or_unresolved,0.004143763946103299,0.0035126826106189435,-1.8440165521557312e-06,-1.3812546487010996e-06,0.6726147415802589,-1.1102230246251565e-16,5.9412231814803,0.0035126826106189435,0.672614741580259,0.7219308025757479,True,True,q frozen at q_star_s0
0.06973033333333335,evolving_q,True,4.833333333333334,0.6416666666666666,0.672614741580259,0.672614741580259,LSODA,1e-08,1e-10,3000.0,1201,persistent,True,0.22229962393601727,False,True,persistent_above_threshold,0.6416666665668856,0.6416666664626248,2.1781444351845811e-13,-0.00021388888885562855,0.47083900010002905,-0.20177574148022998,4.833333333204513,0.6416666667366328,0.47083900006662327,0.8658137537227439,True,True,q evolves under selection
0.07263576388888891,frozen_q,False,4.833333333333334,0.6416666666666666,0.672614741580259,0.672614741580259,LSODA,1e-08,1e-10,3000.0,1201,extinct,False,4.021890064677138e-06,True,False,extinct_or_boundary_crossing,1.5474664543079163e-05,4.021890064677138e-06,-4.335384062971313e-08,-1.3333333333333334e-07,0.6726147415802589,-1.1102230246251565e-16,5.9473150482468755,4.021890064677138e-06,0.672614741580259,0.7193475965297268,True,True,q frozen at q_star_s0
0.07263576388888891,evolving_q,True,4.833333333333334,0.6416666666666666,0.672614741580259,0.672614741580259,LSODA,1e-08,1e-10,3000.0,1201,persistent,True,0.2052922939472861,False,True,persistent_above_threshold,0.6416666667053508,0.6416666666266803,-4.1325458230995567e-13,-0.00021388888890178358,0.46243167751059666,-0.21018306406966236,4.833333333356548,0.6416666666540851,0.4624316775202502,0.8510183539738881,True,True,q evolves under selection
0.07554119444444447,frozen_q,False,4.833333333333334,0.6416666666666666,0.672614741580259,0.672614741580259,LSODA,1e-08,1e-10,3000.0,1201,extinct,False,1.232381770894842e-09,True,False,extinct_or_boundary_crossing,2.3200838668539873e-08,1.232381770894842e-09,-1.0636583862895109e-10,-1.3333333333333334e-07,0.6726147415802589,-1.1102230246251565e-16,5.947322033393605,1.232381770894842e-09,0.672614741580259,0.7193446320406802,True,True,q frozen at q_star_s0
0.07554119444444447,evolving_q,True,4.833333333333334,0.6416666666666666,0.672614741580259,0.672614741580259,LSODA,1e-08,1e-10,3000.0,1201,persistent,True,0.1885499694133547,False,True,persistent_above_threshold,0.641666666537897,0.641666666401988,3.954280010856227e-13,-0.00021388888884596566,0.4540243549779926,-0.21859038660226643,4.83333333333797,0.641666666664159,0.45402435495583654,0.8361810265618812,True,True,q evolves under selection
0.07844662500000002,frozen_q,False,4.833333333333334,0.6416666666666666,0.672614741580259,0.672614741580259,LSODA,1e-08,1e-10,3000.0,1201,extinct,False,-4.538266625171297e-13,True,False,extinct_or_boundary_crossing,4.68870608605883e-11,-4.538266625171297e-13,-2.0001206170657708e-13,-1.3333333333333334e-07,0.6726147415802589,-1.1102230246251565e-16,5.947322035556725,-1.1619732738110394e-14,0.672614741580259,0.7193446308516457,True,True,q frozen at q_star_s0
0.07844662500000002,evolving_q,True,4.833333333333334,0.6416666666666666,0.672614741580259,0.672614741580259,LSODA,1e-08,1e-10,3000.0,1201,persistent,True,0.17206734743476187,False,True,persistent_above_threshold,0.6416666666667727,0.6416666666666767,-2.5606282915103405e-16,-0.00021388888888892424,0.44561703239287603,-0.226997709187383,4.833333333333315,0.6416666666666767,0.44561703239289263,0.8213355159814942,True,True,q evolves under selection
0.08135205555555558,frozen_q,False,4.833333333333334,0.6416666666666666,0.672614741580259,0.672614741580259,LSODA,1e-08,1e-10,3000.0,1201,extinct,False,-5.628367330384256e-12,True,False,extinct_or_boundary_crossing,1.0662480679915493e-11,-5.628367330384256e-12,2.939985515810699e-14,-1.3333333333333334e-07,0.6726147415802589,-1.1102230246251565e-16,5.947322035555972,1.057602531122889e-11,0.672614741580259,0.7193446297857722,True,True,q frozen at q_star_s0
0.08135205555555558,evolving_q,True,4.833333333333334,0.6416666666666666,0.672614741580259,0.672614741580259,LSODA,1e-08,1e-10,3000.0,1201,persistent,True,0.1559872720402474,False,True,persistent_above_threshold,0.6416666669216899,0.6416666666048495,-8.948271643998504e-13,-0.00021388888897389663,0.4372097097993824,-0.23540503178087663,4.83333333339556,0.6416666666332379,0.4372097098342173,0.8064184409730057,True,True,q evolves under selection
0.08425748611111114,frozen_q,False,4.833333333333334,0.6416666666666666,0.672614741580259,0.672614741580259,LSODA,1e-08,1e-10,3000.0,1201,extinct,False,3.4970199607389017e-15,True,False,extinct_or_boundary_crossing,3.53222438782566e-14,3.4970199607389017e-15,-1.4274593580221486e-16,-1.3333333333333334e-07,0.6726147415802589,-1.1102230246251565e-16,5.947322035561643,3.4970199607389017e-15,0.672614741580259,0.7193446310805551,True,True,q frozen at q_star_s0
0.08425748611111114,evolving_q,True,4.833333333333334,0.6416666666666666,0.672614741580259,0.672614741580259,LSODA,1e-08,1e-10,3000.0,1201,persistent,True,0.14037140540348764,False,True,persistent_above_threshold,0.6416666667305879,0.6416666666257795,1.5535079433943742e-13,-0.00021388888891019596,0.4288023872565132,-0.24381235432374582,4.833333333278477,0.641666666696166,0.42880238726303194,0.7915528484897598,True,True,q evolves under selection
0.0871629166666667,frozen_q,False,4.833333333333334,0.6416666666666666,0.672614741580259,0.672614741580259,LSODA,1e-08,1e-10,3000.0,1201,extinct,False,-1.8941202630369902e-12,True,False,extinct_or_boundary_crossing,2.556719330381421e-13,-1.5973451680426548e-12,-7.595066099501994e-15,-1.3333333333333334e-07,0.6726147415802589,-1.1102230246251565e-16,5.947322035546804,-7.527800508632611e-13,0.672614741580259,0.7193446309406972,True,True,q frozen at q_star_s0
0.0871629166666667,evolving_q,True,4.833333333333334,0.6416666666666666,0.672614741580259,0.672614741580259,LSODA,1e-08,1e-10,3000.0,1201,persistent,True,0.1252927692069855,False,True,persistent_above_threshold,0.6416666666724963,0.641666666667114,-1.4352781546415434e-14,-0.00021388888889083208,0.42039506470464577,-0.25221967687561325,4.833333333332499,0.641666666667114,0.4203950647053546,0.7767024583581084,True,True,q evolves under selection
0.09006834722222225,frozen_q,False,4.833333333333334,0.6416666666666666,0.672614741580259,0.672614741580259,LSODA,1e-08,1e-10,3000.0,1201,extinct,False,-1.3520835656390608e-14,True,False,extinct_or_boundary_crossing,-4.988519043466234e-15,-9.40203099802963e-15,1.1769365212169056e-17,-1.3333333333333334e-07,0.6726147415802589,-1.1102230246251565e-16,5.947322035561164,-5.750070889028369e-16,0.672614741580259,0.7193446263223389,True,True,q frozen at q_star_s0
0.09006834722222225,evolving_q,True,4.833333333333334,0.6416666666666666,0.672614741580259,0.672614741580259,LSODA,1e-08,1e-10,3000.0,1201,persistent,True,0.11076949750786626,False,True,persistent_above_threshold,0.6416666664669557,0.6416666661740112,-6.235737033673536e-13,-0.00021388888882231856,0.4119877422486464,-0.2606269993316126,4.833333333378676,0.6416666666426026,0.41198774214216755,0.7619462527450392,True,True,q evolves under selection
0.09297377777777781,frozen_q,False,4.833333333333334,0.6416666666666666,0.672614741580259,0.672614741580259,LSODA,1e-08,1e-10,3000.0,1201,extinct,False,2.8641400755494606e-17,True,False,extinct_or_boundary_crossing,2.796854352912124e-16,2.8641400755494606e-17,-6.694507587619142e-19,-1.3333333333333334e-07,0.6726147415802589,-1.1102230246251565e-16,5.947322035561363,2.8641400755494606e-17,0.672614741580259,0.7193446146950773,True,True,q frozen at q_star_s0
0.09297377777777781,evolving_q,True,4.833333333333334,0.6416666666666666,0.672614741580259,0.672614741580259,LSODA,1e-08,1e-10,3000.0,1201,persistent,True,0.09695867298339837,False,True,persistent_above_threshold,0.6416666668488344,0.6416666666461156,-8.497834111915316e-13,-0.00021388888894961148,0.40358041955232865,-0.2690343220279304,4.833333333340957,0.6416666666626007,0.40358041958081486,0.7472939381371907,True,True,q evolves under selection
0.09587920833333337,frozen_q,False,4.833333333333334,0.6416666666666666,0.672614741580259,0.672614741580259,LSODA,1e-08,1e-10,3000.0,1201,extinct,False,-8.61652503899419e-12,True,False,extinct_or_boundary_crossing,1.9593200547070867e-13,-1.9567239574010757e-14,-2.528707760092683e-16,-1.3333333333333334e-07,0.6726147415802589,-1.1102230246251565e-16,5.947322035561504,6.511170009417352e-15,0.672614741580259,0.7193446201028878,True,True,q frozen at q_star_s0
0.09587920833333337,evolving_q,True,4.833333333333334,0.6416666666666666,0.672614741580259,0.672614741580259,LSODA,1e-08,1e-10,3000.0,1201,persistent,True,0.08396681371970117,False,True,persistent_above_threshold,0.6416666668433071,0.6416666666463263,-2.4523470453009895e-13,-0.00021388888894776904,0.3951730970121816,-0.2774416445680774,4.833333333371178,0.6416666666463263,0.3951730970236202,0.7328039881874239,True,True,q evolves under selection
0.09878463888888891,frozen_q,False,4.833333333333334,0.6416666666666666,0.672614741580259,0.672614741580259,LSODA,1e-08,1e-10,3000.0,1201,extinct,False,-4.029772177142235e-12,True,False,extinct_or_boundary_crossing,-4.501456689296661e-14,-1.2665639852249412e-13,1.8159825285309202e-16,-1.3333333333333334e-07,0.6726147415802589,-1.1102230246251565e-16,5.94732203556128,-9.508617130969254e-16,0.672614741580259,0.7193446125239471,True,True,q frozen at q_star_s0
0.09878463888888891,evolving_q,True,4.833333333333334,0.6416666666666666,0.672614741580259,0.672614741580259,LSODA,1e-08,1e-10,3000.0,1201,persistent,True,0.0717762904558264,False,True,persistent_above_threshold,0.6416666666854386,0.6416666665994045,-5.085095205040503e-14,-0.0002138888888951462,0.38676577445288074,-0.2858489671273783,4.833333333342853,0.6416666666616113,0.3867657744557958,0.7185043192805071,True,True,q evolves under selection
0.10169006944444448,frozen_q,False,4.833333333333334,0.6416666666666666,0.672614741580259,0.672614741580259,LSODA,1e-08,1e-10,3000.0,1201,extinct,False,2.7516123796422698e-17,True,False,extinct_or_boundary_crossing,1.5127071745317205e-15,2.7516123796422698e-17,-6.380009673774483e-18,-1.3333333333333334e-07,0.6726147415802589,-1.1102230246251565e-16,5.947322035561353,2.7516123796422698e-17,0.672614741580259,0.7193446253397724,True,True,q frozen at q_star_s0
0.10169006944444448,evolving_q,True,4.833333333333334,0.6416666666666666,0.672614741580259,0.672614741580259,LSODA,1e-08,1e-10,3000.0,1201,persistent,True,0.06056402392353775,False,True,persistent_above_threshold,0.6416666666621108,0.6416666665775952,1.6085801076882376e-13,-0.00021388888888737028,0.3783584518888661,-0.29425628969139295,4.833333333304395,0.6416666666821141,0.3783584518897466,0.7044662486436443,True,True,q evolves under selection
0.10459550000000004,frozen_q,False,4.833333333333334,0.6416666666666666,0.672614741580259,0.672614741580259,LSODA,1e-08,1e-10,3000.0,1201,extinct,False,-2.2162310492830234e-12,True,False,extinct_or_boundary_crossing,-1.9366508004834963e-15,-1.0704361133547476e-14,8.093824640448853e-18,-1.3333333333333334e-07,0.6726147415802589,-1.1102230246251565e-16,5.9473220355613075,-8.6305031778093e-17,0.672614741580259,0.7193445983880895,True,True,q frozen at q_star_s0
0.10459550000000004,evolving_q,True,4.833333333333334,0.6416666666666666,0.672614741580259,0.672614741580259,LSODA,1e-08,1e-10,3000.0,1201,persistent,True,0.05036207979854691,False,True,persistent_above_threshold,0.641666666577588,0.6416666660865199,6.277057358416564e-13,-0.00021388888885919599,0.36995112933834134,-0.3026636122419177,4.8333333333394854,0.6416666666633816,0.369951129331239,0.6907211125111179,True,True,q evolves under selection
0.1075009305555556,frozen_q,False,4.833333333333334,0.6416666666666666,0.672614741580259,0.672614741580259,LSODA,1e-08,1e-10,3000.0,1201,extinct,False,-9.46669753605896e-11,True,False,extinct_or_boundary_crossing,-3.5147912498634054e-15,-6.798540110145047e-15,8.756663627417711e-18,-1.3333333333333334e-07,0.6726147415802589,-1.1102230246251565e-16,5.947322035561102,-2.3104238958176436e-16,0.672614741580259,0.7193446268297538,True,True,q frozen at q_star_s0
0.1075009305555556,evolving_q,True,4.833333333333334,0.6416666666666666,0.672614741580259,0.672614741580259,LSODA,1e-08,1e-10,3000.0,1201,persistent,True,0.041206731368140986,False,True,persistent_above_threshold,0.6416666666668482,0.6416666666666733,-4.663868830565208e-16,-0.00021388888888894942,0.3615438067679356,-0.3110709348123234,4.8333333333333215,0.6416666666666733,0.3615438067679453,0.6773759493317496,True,True,q evolves under selection
0.11040636111111114,frozen_q,False,4.833333333333334,0.6416666666666666,0.672614741580259,0.672614741580259,LSODA,1e-08,1e-10,3000.0,1201,extinct,False,1.4099408163923167e-18,True,False,extinct_or_boundary_crossing,2.2985093143891364e-17,1.4099408163923167e-18,-5.753373953999747e-20,-1.3333333333333334e-07,0.6726147415802589,-1.1102230246251565e-16,5.947322035561353,1.4099408163923167e-18,0.672614741580259,0.7193446310781292,True,True,q frozen at q_star_s0
0.11040636111111114,evolving_q,True,4.833333333333334,0.6416666666666666,0.672614741580259,0.672614741580259,LSODA,1e-08,1e-10,3000.0,1201,persistent,True,0.033139893085902754,False,True,persistent_above_threshold,0.6416666667931487,0.6416666664660144,-7.612248373760018e-13,-0.00021388888893104956,0.3531364842185687,-0.31947825736169033,4.833333333405489,0.6416666666285941,0.3531364842078963,0.6644355742481358,True,True,q evolves under selection
0.1133117916666667,frozen_q,False,4.833333333333334,0.6416666666666666,0.672614741580259,0.672614741580259,LSODA,1e-08,1e-10,3000.0,1201,extinct,False,-2.0887532644254763e-11,True,False,extinct_or_boundary_crossing,2.585566612730453e-12,2.4123980524292495e-13,-4.115529207163293e-15,-1.3333333333333334e-07,0.6726147415802589,-1.1102230246251565e-16,5.947322035560696,2.4123980524292495e-13,0.672614741580259,0.7193446278869752,True,True,q frozen at q_star_s0
0.1133117916666667,evolving_q,True,4.833333333333334,0.6416666666666666,0.672614741580259,0.672614741580259,LSODA,1e-08,1e-10,3000.0,1201,persistent,True,0.026162201541648653,False,True,persistent_above_threshold,0.6416666666741386,0.6416666666672933,-1.8254011641634565e-14,-0.00021388888889137955,0.3447291616420034,-0.3278855799382556,4.8333333333321455,0.6416666666672933,0.3447291616428969,0.6519807368191762,True,True,q evolves under selection
0.11621722222222226,frozen_q,False,4.833333333333334,0.6416666666666666,0.672614741580259,0.672614741580259,LSODA,1e-08,1e-10,3000.0,1201,extinct,False,-7.440575893079846e-12,True,False,extinct_or_boundary_crossing,6.584648665251641e-15,3.5628741382487314e-16,-1.660896333713805e-17,-1.3333333333333334e-07,0.6726147415802589,-1.1102230246251565e-16,5.947322035562458,3.5628741382487314e-16,0.672614741580259,0.7193446304245912,True,True,q frozen at q_star_s0
0.11621722222222226,evolving_q,True,4.833333333333334,0.6416666666666666,0.672614741580259,0.672614741580259,LSODA,1e-08,1e-10,3000.0,1201,persistent,True,0.020257951369535652,False,True,persistent_above_threshold,0.6416666666742817,0.6416666664265863,-2.016157297755035e-14,-0.00021388888889142726,0.3363218390861495,-0.33629290249410954,4.833333333289269,0.6416666666897247,0.33632183908152896,0.6401050285822405,True,True,q evolves under selection
0.11912265277777781,frozen_q,False,4.833333333333334,0.6416666666666666,0.672614741580259,0.672614741580259,LSODA,1e-08,1e-10,3000.0,1201,extinct,False,-4.2241111444220283e-11,True,False,extinct_or_boundary_crossing,1.212219976849982e-15,2.1124454935161437e-16,2.669267806662313e-18,-1.3333333333333334e-07,0.6726147415802589,-1.1102230246251565e-16,5.947322035561122,2.2131954043483494e-15,0.672614741580259,0.7193444823561534,True,True,q frozen at q_star_s0
0.11912265277777781,evolving_q,True,4.833333333333334,0.6416666666666666,0.672614741580259,0.672614741580259,LSODA,1e-08,1e-10,3000.0,1201,persistent,True,0.015363507751675061,False,True,persistent_above_threshold,0.6416666666655074,0.6416666666634648,4.352962806237854e-15,-0.00021388888888850249,0.3279145165182404,-0.34470022506201864,4.833333333333443,0.6416666666666089,0.32791451651797143,0.6288335001623653,True,True,q evolves under selection
0.12202808333333337,frozen_q,False,4.833333333333334,0.6416666666666666,0.672614741580259,0.672614741580259,LSODA,1e-08,1e-10,3000.0,1201,extinct,False,-5.060033092082006e-12,True,False,extinct_or_boundary_crossing,-6.334696761411641e-16,-2.3593256245007737e-15,3.0928445802023662e-18,-1.3333333333333334e-07,0.6726147415802589,-1.1102230246251565e-16,5.947322035561347,-5.532103315953474e-18,0.672614741580259,0.7193446309849705,True,True,q frozen at q_star_s0
0.12202808333333337,evolving_q,True,4.833333333333334,0.6416666666666666,0.672614741580259,0.672614741580259,LSODA,1e-08,1e-10,3000.0,1201,persistent,True,0.01140213786797741,False,True,persistent_above_threshold,0.6416666666532563,0.6416666666297424,4.878492509476857e-14,-0.00021388888888441878,0.3195071939572159,-0.35310754762304314,4.833333333334046,0.6416666666662953,0.31950719395544547,0.6182417569327141,True,True,q evolves under selection
0.12493351388888893,frozen_q,False,4.833333333333334,0.6416666666666666,0.672614741580259,0.672614741580259,LSODA,1e-08,1e-10,3000.0,1201,extinct,False,1.375169272914027e-17,True,False,extinct_or_boundary_crossing,5.817552906218345e-17,2.196044509502868e-17,9.657355724574604e-20,-1.3333333333333334e-07,0.6726147415802589,-1.1102230246251565e-16,5.947322035561505,9.439061302933822e-17,0.672614741580259,0.7193446074497796,True,True,q frozen at q_star_s0
0.12493351388888893,evolving_q,True,4.833333333333334,0.6416666666666666,0.672614741580259,0.672614741580259,LSODA,1e-08,1e-10,3000.0,1201,persistent,True,0.008268463765444493,False,True,persistent_above_threshold,0.6416666666801271,0.6416666666671699,-3.4552597062405853e-14,-0.00021388888889337568,0.31109987139237466,-0.36151487018788436,4.833333333332365,0.6416666666671699,0.31109987139303397,0.6083676689536137,True,True,q evolves under selection
0.1278389444444445,frozen_q,False,4.833333333333334,0.6416666666666666,0.672614741580259,0.672614741580259,LSODA,1e-08,1e-10,3000.0,1201,extinct,False,2.0433151716598055e-19,True,False,extinct_or_boundary_crossing,4.6668612347202444e-18,2.0433151716598055e-19,-1.1900079246811368e-20,-1.3333333333333334e-07,0.6726147415802589,-1.1102230246251565e-16,5.94732203556135,2.0433151716598055e-19,0.672614741580259,0.7193446291795121,True,True,q frozen at q_star_s0
0.1278389444444445,evolving_q,True,4.833333333333334,0.6416666666666666,0.672614741580259,0.672614741580259,LSODA,1e-08,1e-10,3000.0,1201,persistent,True,0.005852206050943679,False,True,persistent_above_threshold,0.6416666666653199,0.6416666666541616,1.3762304895930929e-14,-0.00021388888888843998,0.30269254882973845,-0.3699221927505206,4.8333333333327095,0.6416666666669945,0.30269254883042607,0.5992440844327291,True,True,q evolves under selection
0.13074437500000005,frozen_q,False,4.833333333333334,0.6416666666666666,0.672614741580259,0.672614741580259,LSODA,1e-08,1e-10,3000.0,1201,extinct,False,-3.910349742270019e-12,True,False,extinct_or_boundary_crossing,4.371249231476974e-15,1.8266951333365002e-16,-1.1169545915048866e-17,-1.3333333333333334e-07,0.6726147415802589,-1.1102230246251565e-16,5.947322035562692,1.8266951333365002e-16,0.672614741580259,0.7193446308864351,True,True,q frozen at q_star_s0
0.13074437500000005,evolving_q,True,4.833333333333334,0.6416666666666666,0.672614741580259,0.672614741580259,LSODA,1e-08,1e-10,3000.0,1201,persistent,True,0.004037670552598241,False,True,persistent_above_threshold,0.6416666666732925,0.6416666666645299,-3.8000927978404705e-14,-0.0002138888888910975,0.2942852262673844,-0.3783295153128746,4.833333333337409,0.6416666666645299,0.29428522626828396,0.5908912720144925,True,True,q evolves under selection
0.1336498055555556,frozen_q,False,4.833333333333334,0.6416666666666666,0.672614741580259,0.672614741580259,LSODA,1e-08,1e-10,3000.0,1201,extinct,False,-2.8591195582955078e-12,True,False,extinct_or_boundary_crossing,3.8595565766708796e-17,1.5427002683767202e-18,-9.880764132888555e-20,-1.3333333333333334e-07,0.6726147415802589,-1.1102230246251565e-16,5.947322035561354,1.5427002683767202e-18,0.672614741580259,0.7193446117815354,True,True,q frozen at q_star_s0
0.1336498055555556,evolving_q,True,4.833333333333334,0.6416666666666666,0.672614741580259,0.672614741580259,LSODA,1e-08,1e-10,3000.0,1201,persistent,True,0.002712809330029433,False,True,persistent_above_threshold,0.6416666666665602,0.6416666666592141,1.2566038661121155e-14,-0.00021388888888885342,0.2858779037053465,-0.38673683787491253,4.833333333327057,0.6416666666699317,0.28587790370547106,0.5833351630069923,True,True,q evolves under selection
0.13655523611111114,frozen_q,False,4.833333333333334,0.6416666666666666,0.672614741580259,0.672614741580259,LSODA,1e-08,1e-10,3000.0,1201,extinct,False,-7.2147426121114876e-12,True,False,extinct_or_boundary_crossing,1.7843167840209615e-13,-5.680451299595914e-14,3.2299076512485574e-16,-1.3333333333333334e-07,0.6726147415802589,-1.1102230246251565e-16,5.947322035484312,5.380454262869128e-13,0.672614741580259,0.719344629837142,True,True,q frozen at q_star_s0
0.13655523611111114,evolving_q,True,4.833333333333334,0.6416666666666666,0.672614741580259,0.672614741580259,LSODA,1e-08,1e-10,3000.0,1201,persistent,True,0.001770765367866966,False,True,persistent_above_threshold,0.6416666667554917,0.6416666662133601,6.419191351271593e-13,-0.0002138888889184972,0.2774705811163907,-0.3951441604638683,4.8333333332713515,0.6416666666976517,0.2774705811683284,0.5765868685919597,True,True,q evolves under selection
0.1394606666666667,frozen_q,False,4.833333333333334,0.6416666666666666,0.672614741580259,0.672614741580259,LSODA,1e-08,1e-10,3000.0,1201,extinct,False,-1.5295413850431632e-11,True,False,extinct_or_boundary_crossing,-1.7944429960087924e-15,-6.724876292506238e-15,8.906444275425604e-18,-1.3333333333333334e-07,0.6726147415802589,-1.1102230246251565e-16,5.947322035561341,-9.092340673812532e-18,0.672614741580259,0.7193446288875381,True,True,q frozen at q_star_s0
0.1394606666666667,evolving_q,True,4.833333333333334,0.6416666666666666,0.672614741580259,0.672614741580259,LSODA,1e-08,1e-10,3000.0,1201,persistent,True,0.0011210471603742074,False,True,persistent_above_threshold,0.6416666663932435,0.6416666655863273,1.9762558643304977e-12,-0.00021388888879774785,0.26906325858896046,-0.40355148299129856,4.83333333325413,0.6416666667067598,0.2690632586013442,0.5706443780946852,True,True,q evolves under selection
0.14236609722222227,frozen_q,False,4.833333333333334,0.6416666666666666,0.672614741580259,0.672614741580259,LSODA,1e-08,1e-10,3000.0,1201,extinct,False,-1.3007823516229406e-11,True,False,extinct_or_boundary_crossing,-1.3022491107658517e-17,-5.587121156730516e-17,6.822370139042888e-20,-1.3333333333333334e-07,0.6726147415802589,-1.1102230246251565e-16,5.947322035561349,-7.144538812973953e-20,0.672614741580259,0.7193446307802107,True,True,q frozen at q_star_s0
0.14236609722222227,evolving_q,True,4.833333333333334,0.6416666666666666,0.672614741580259,0.672614741580259,LSODA,1e-08,1e-10,3000.0,1201,persistent,True,0.0006865019778819548,False,True,persistent_above_threshold,0.6416666661959161,0.6416666647229329,4.513299249877524e-13,-0.00021388888873197202,0.2606559360805106,-0.41195880549974845,4.833333333264605,0.6416666667030368,0.2606559360018041,0.5655080377570537,True,True,q evolves under selection
0.14527152777777783,frozen_q,False,4.833333333333334,0.6416666666666666,0.672614741580259,0.672614741580259,LSODA,1e-08,1e-10,3000.0,1201,extinct,False,-1.40450509859463e-11,True,False,extinct_or_boundary_crossing,-2.697827310255501e-16,-2.124220454800966e-15,1.269243470616801e-18,-1.3333333333333334e-07,0.6726147415802589,-1.1102230246251565e-16,5.947322035561337,-5.021898179804321e-18,0.672614741580259,0.7193446281551992,True,True,q frozen at q_star_s0
0.14527152777777783,evolving_q,True,4.833333333333334,0.6416666666666666,0.672614741580259,0.672614741580259,LSODA,1e-08,1e-10,3000.0,1201,persistent,True,0.0004054929804163496,False,True,persistent_above_threshold,0.6416666665679707,0.6416666656517173,-1.4977783304047851e-12,-0.00021388888885599022,0.2522486134516108,-0.4203661281286482,4.833333333058584,0.6416666668097759,0.25224861343496197,0.5611703334334304,True,True,q evolves under selection
0.1481769583333334,frozen_q,False,4.833333333333334,0.6416666666666666,0.672614741580259,0.672614741580259,LSODA,1e-08,1e-10,3000.0,1201,extinct,False,-3.9726659336155986e-12,True,False,extinct_or_boundary_crossing,2.1836600185539277e-15,7.744676051327106e-18,-8.646082057442295e-18,-1.3333333333333334e-07,0.6726147415802589,-1.1102230246251565e-16,5.947322035561354,7.744676051327106e-18,0.672614741580259,0.7193446308868625,True,True,q frozen at q_star_s0
0.1481769583333334,evolving_q,True,4.833333333333334,0.6416666666666666,0.672614741580259,0.672614741580259,LSODA,1e-08,1e-10,3000.0,1201,persistent,True,0.00023007492619385277,False,True,persistent_above_threshold,0.6416666665341075,0.641666666257221,4.567998634251029e-13,-0.0002138888888447025,0.2438412909119985,-0.42877345066826056,4.833333333339941,0.6416666666632788,0.24384129089246487,0.5576192014688177,True,True,q evolves under selection
0.15108238888888895,frozen_q,False,4.833333333333334,0.6416666666666666,0.672614741580259,0.672614741580259,LSODA,1e-08,1e-10,3000.0,1201,extinct,False,-7.1177190693641935e-12,True,False,extinct_or_boundary_crossing,-2.6062745635607234e-17,-9.360438219358669e-17,1.2739581042277243e-19,-1.3333333333333334e-07,0.6726147415802589,-1.1102230246251565e-16,5.947322035561349,-9.422252289983979e-20,0.672614741580259,0.7193446182712725,True,True,q frozen at q_star_s0
0.15108238888888895,evolving_q,True,4.833333333333334,0.6416666666666666,0.672614741580259,0.672614741580259,LSODA,1e-08,1e-10,3000.0,1201,persistent,True,0.0001247950628110646,False,True,persistent_above_threshold,0.6416666664015392,0.6416666550586373,2.295963155087212e-12,-0.00021388888880051308,0.235433968311858,-0.437180773268401,4.8333333334800415,0.6416666665921806,0.2354339683045653,0.5548324895290023,True,True,q evolves under selection
0.1539878194444445,frozen_q,False,4.833333333333334,0.6416666666666666,0.672614741580259,0.672614741580259,LSODA,1e-08,1e-10,3000.0,1201,extinct,False,1.8113990686980983e-18,True,False,extinct_or_boundary_crossing,5.912812758033906e-17,1.8113990686980983e-18,-1.5284460936437595e-19,-1.3333333333333334e-07,0.6726147415802589,-1.1102230246251565e-16,5.947322035561402,1.8113990686980983e-18,0.672614741580259,0.7193446299897048,True,True,q frozen at q_star_s0
0.1539878194444445,evolving_q,True,4.833333333333334,0.6416666666666666,0.672614741580259,0.672614741580259,LSODA,1e-08,1e-10,3000.0,1201,persistent,True,6.425414088568385e-05,True,False,recovered_after_threshold_crossing,0.6416667040498022,0.6416666442182694,-2.666229975722807e-10,-0.00021388890134993406,0.22702664177577378,-0.4455880998044852,4.833333333556508,0.6416666665499954,0.2270266458035649,0.5527711268558753,True,True,q evolves under selection
0.15689325000000004,frozen_q,False,4.833333333333334,0.6416666666666666,0.672614741580259,0.672614741580259,LSODA,1e-08,1e-10,3000.0,1201,extinct,False,-1.0154735796360724e-11,True,False,extinct_or_boundary_crossing,1.0907944936994833e-14,-3.1190366916305336e-14,6.277529440233899e-17,-1.3333333333333334e-07,0.6726147415802589,-1.1102230246251565e-16,5.947322035561376,2.396842276554636e-15,0.672614741580259,0.7193446302279675,True,True,q frozen at q_star_s0
0.15689325000000004,evolving_q,True,4.833333333333334,0.6416666666666666,0.672614741580259,0.672614741580259,LSODA,1e-08,1e-10,3000.0,1201,persistent,True,3.1119254750863747e-05,True,False,recovered_after_threshold_crossing,0.6416831492449243,0.6416569334490674,-1.1941762806794466e-07,-0.00021389438308164145,0.21861777267039648,-0.4539969689098625,4.833333324200709,0.6416666713734164,0.21861932307132154,0.551375166922227,True,True,q evolves under selection
0.1597986805555556,frozen_q,False,4.833333333333334,0.6416666666666666,0.672614741580259,0.672614741580259,LSODA,1e-08,1e-10,3000.0,1201,extinct,False,-1.696255378644603e-11,True,False,extinct_or_boundary_crossing,-3.073044215231355e-15,-6.05785291652897e-15,7.959489870126971e-18,-1.3333333333333334e-07,0.6726147415802589,-1.1102230246251565e-16,5.94732203556012,-8.823551393374015e-17,0.672614741580259,0.7193446301880078,True,True,q frozen at q_star_s0
0.1597986805555556,evolving_q,True,4.833333333333334,0.6416666666666666,0.672614741580259,0.672614741580259,LSODA,1e-08,1e-10,3000.0,1201,declining_transient,False,1.3978336393512076e-05,True,False,transient_or_unresolved,0.7305093392000906,0.6383804276834533,-0.0005323808702224948,-0.00024350311306669688,0.192161357988233,-0.48045338359202605,4.833358648960014,0.6416535584794298,0.21021404427036677,0.5505485180936168,True,True,q evolves under selection
0.16270411111111116,frozen_q,False,4.833333333333334,0.6416666666666666,0.672614741580259,0.672614741580259,LSODA,1e-08,1e-10,3000.0,1201,extinct,False,-1.2805835345118205e-11,True,False,extinct_or_boundary_crossing,2.024343915526103e-15,6.626699539474328e-16,3.6311305642097875e-18,-1.3333333333333334e-07,0.6726147415802589,-1.1102230246251565e-16,5.947322035560087,3.3860178771047725e-15,0.672614741580259,0.7193446235283723,True,True,q frozen at q_star_s0
0.16270411111111116,evolving_q,True,4.833333333333334,0.6416666666666666,0.672614741580259,0.672614741580259,LSODA,1e-08,1e-10,3000.0,1201,persistent,True,5.690199464655024e-06,True,False,recovered_after_threshold_crossing,1.2876070437002207,1.2759513557420044,-1.0939482781356465e-05,-0.00042920234790007355,0.0009894003986143144,-0.6716253411816447,3.566034907049903,1.2759513557420044,0.007062011155736824,0.5501539635685957,True,True,q evolves under selection
0.16560954166666672,frozen_q,False,4.833333333333334,0.6416666666666666,0.672614741580259,0.672614741580259,LSODA,1e-08,1e-10,3000.0,1201,extinct,False,-5.746526225157694e-12,True,False,extinct_or_boundary_crossing,-9.442938706873394e-19,-1.8630671994797544e-18,2.450062210113107e-21,-1.3333333333333334e-07,0.6726147415802589,-1.1102230246251565e-16,5.947322035561349,-2.5520541894923934e-20,0.672614741580259,0.7193446203697532,True,True,q frozen at q_star_s0
0.16560954166666672,evolving_q,True,4.833333333333334,0.6416666666666666,0.672614741580259,0.672614741580259,LSODA,1e-08,1e-10,3000.0,1201,persistent,True,2.0050671794881406e-06,True,False,recovered_after_threshold_crossing,0.008602741481414473,0.0009783228671812676,3.789844458355157e-05,-2.867580493804824e-06,8.321258585050146e-11,-0.6726147414970465,6.019607274961427,0.048633113130712176,4.796650822210127e-13,0.5500233069094891,True,True,q evolves under selection
0.16851497222222228,frozen_q,False,4.833333333333334,0.6416666666666666,0.672614741580259,0.672614741580259,LSODA,1e-08,1e-10,3000.0,1201,extinct,False,-5.5570525998821255e-12,True,False,extinct_or_boundary_crossing,2.715114329852324e-15,3.275841403599378e-17,-7.283952640465998e-18,-1.3333333333333334e-07,0.6726147415802589,-1.1102230246251565e-16,5.947322035561389,3.275841403599378e-17,0.672614741580259,0.7193446304528659,True,True,q frozen at q_star_s0
0.16851497222222228,evolving_q,True,4.833333333333334,0.6416666666666666,0.672614741580259,0.672614741580259,LSODA,1e-08,1e-10,3000.0,1201,extinct,False,5.2725707254611e-07,True,False,extinct_or_boundary_crossing,1.761332508347448e-06,1.3840949735236384e-06,1.0858520917522669e-09,-1.3333333333333334e-07,6.70979652065562e-11,-0.672614741513161,6.1166622643562585,2.2013802156450267e-06,1.90898348334143e-12,0.5500009762563433,True,True,q evolves under selection
0.17142040277777784,frozen_q,False,4.833333333333334,0.6416666666666666,0.672614741580259,0.672614741580259,LSODA,1e-08,1e-10,3000.0,1201,extinct,False,-8.75557358933594e-12,True,False,extinct_or_boundary_crossing,-8.824271548133599e-16,-1.742330072680057e-15,2.2930744476445253e-18,-1.3333333333333334e-07,0.6726147415802589,-1.1102230246251565e-16,5.947322035560842,-2.2524236946662832e-17,0.672614741580259,0.7193446306744031,True,True,q frozen at q_star_s0
0.17142040277777784,evolving_q,True,4.833333333333334,0.6416666666666666,0.672614741580259,0.672614741580259,LSODA,1e-08,1e-10,3000.0,1201,extinct,False,3.624666885544208e-10,True,False,extinct_or_boundary_crossing,9.84644095173088e-10,3.624666885544208e-10,-2.1672197857937284e-12,-1.3333333333333334e-07,8.272311460956476e-11,-0.6726147414975359,6.116666665840463,3.624666885544208e-10,-3.8029678791311055e-14,0.5499999863790276,True,True,q evolves under selection
0.1743258333333334,frozen_q,False,4.833333333333334,0.6416666666666666,0.672614741580259,0.672614741580259,LSODA,1e-08,1e-10,3000.0,1201,extinct,False,-2.7202598499401566e-14,True,False,extinct_or_boundary_crossing,-1.1003681879389182e-18,-2.173413382229477e-18,2.861453851441489e-21,-1.3333333333333334e-07,0.6726147415802589,-1.1102230246251565e-16,5.947322035561349,-2.7322993648359484e-20,0.672614741580259,0.7193446310800208,True,True,q frozen at q_star_s0
0.1743258333333334,evolving_q,True,4.833333333333334,0.6416666666666666,0.672614741580259,0.672614741580259,LSODA,1e-08,1e-10,3000.0,1201,extinct,False,6.578658127372078e-14,True,False,extinct_or_boundary_crossing,7.790934723348571e-13,6.578658127372078e-14,-3.26682965929237e-15,-1.3333333333333334e-07,1.000824305999386e-10,-0.6726147414801766,6.116666666665278,6.578658127372078e-14,7.570581973842228e-13,0.5499999999520898,True,True,q evolves under selection
0.17723126388888893,frozen_q,False,4.833333333333334,0.6416666666666666,0.672614741580259,0.672614741580259,LSODA,1e-08,1e-10,3000.0,1201,extinct,False,-1.2086784246137871e-11,True,False,extinct_or_boundary_crossing,-1.866887743138773e-15,-3.3901706068201446e-15,3.699443733031833e-18,-1.3333333333333334e-07,0.6726147415802589,-1.1102230246251565e-16,5.947322035561346,-9.955741222789077e-18,0.672614741580259,0.7193446302774222,True,True,q frozen at q_star_s0
0.17723126388888893,evolving_q,True,4.833333333333334,0.6416666666666666,0.672614741580259,0.672614741580259,LSODA,1e-08,1e-10,3000.0,1201,extinct,False,1.6077050378452354e-17,True,False,extinct_or_boundary_crossing,7.995064003364117e-16,1.6077050378452354e-17,-4.1286560709092524e-18,-1.3333333333333334e-07,9.629768723332956e-11,-0.6726147414839614,6.116666666666699,1.6077050378452354e-17,5.456656293562806e-13,0.5499999999605583,True,True,q evolves under selection
0.1801366944444445,frozen_q,False,4.833333333333334,0.6416666666666666,0.672614741580259,0.672614741580259,LSODA,1e-08,1e-10,3000.0,1201,extinct,False,-7.999483844247197e-12,True,False,extinct_or_boundary_crossing,-3.462191662763339e-15,-6.1211497292201595e-15,7.35242662607042e-18,-1.3333333333333334e-07,0.6726147415802589,-1.1102230246251565e-16,5.947322035561344,-1.668456126650048e-17,0.672614741580259,0.7193446303180374,True,True,q frozen at q_star_s0
0.1801366944444445,evolving_q,True,4.833333333333334,0.6416666666666666,0.672614741580259,0.672614741580259,LSODA,1e-08,1e-10,3000.0,1201,extinct,False,2.9581952136813863e-21,True,False,extinct_or_boundary_crossing,8.383996260000029e-19,2.9581952136813863e-21,-5.111912311470845e-21,-1.3333333333333334e-07,8.173827443936985e-11,-0.6726147414985207,6.116666666853862,2.9581952136813863e-21,5.090722478093545e-13,0.5499999772355632,True,True,q evolves under selection
0.18304212500000006,frozen_q,False,4.833333333333334,0.6416666666666666,0.672614741580259,0.672614741580259,LSODA,1e-08,1e-10,3000.0,1201,extinct,False,-1.251136105951127e-10,True,False,extinct_or_boundary_crossing,-2.985327203296011e-18,-5.9020977281671046e-18,7.778054732989584e-21,-1.3333333333333334e-07,0.6726147415802589,-1.1102230246251565e-16,5.947322035561347,-6.85566784249172e-20,0.672614741580259,0.7193445942742263,True,True,q frozen at q_star_s0
0.18304212500000006,evolving_q,True,4.833333333333334,0.6416666666666666,0.672614741580259,0.672614741580259,LSODA,1e-08,1e-10,3000.0,1201,extinct,False,-2.657754619427235e-21,True,False,extinct_or_boundary_crossing,1.509022064666022e-21,-2.657754619427235e-21,-5.4095810066583564e-24,-1.3333333333333334e-07,8.698917480975152e-11,-0.6726147414932698,6.116666666667016,7.5175369858067e-22,1.1588259953916074e-11,0.5499999703338485,True,True,q evolves under selection
0.18594755555555562,frozen_q,False,4.833333333333334,0.6416666666666666,0.672614741580259,0.672614741580259,LSODA,1e-08,1e-10,3000.0,1201,extinct,False,-9.679447124391121e-12,True,False,extinct_or_boundary_crossing,3.6200789990062043e-13,-1.274120884391815e-14,-9.95286296460782e-16,-1.3333333333333334e-07,0.6726147415802589,-1.1102230246251565e-16,5.947322035561748,-4.373719396751601e-15,0.672614741580259,0.7193446307752691,True,True,q frozen at q_star_s0
0.18594755555555562,evolving_q,True,4.833333333333334,0.6416666666666666,0.672614741580259,0.672614741580259,LSODA,1e-08,1e-10,3000.0,1201,extinct,False,-1.6667742602908385e-23,True,False,extinct_or_boundary_crossing,1.789116290561741e-24,-1.6667742602908385e-23,-4.294362474326179e-27,-1.3333333333333334e-07,8.22690291760861e-11,-0.6726147414979899,6.116666666666981,4.360196897335964e-24,1.3909625736680722e-11,0.5499999658047594,True,True,q evolves under selection
0.18885298611111118,frozen_q,False,4.833333333333334,0.6416666666666666,0.672614741580259,0.672614741580259,LSODA,1e-08,1e-10,3000.0,1201,extinct,False,-1.9844346227384132e-11,True,False,extinct_or_boundary_crossing,-1.9910818110641285e-15,-3.4897401873550158e-15,1.890353086855073e-18,-1.3333333333333334e-07,0.6726147415802589,-1.1102230246251565e-16,5.947322035561347,-1.2563992932306842e-17,0.672614741580259,0.7193446307024556,True,True,q frozen at q_star_s0
0.18885298611111118,evolving_q,True,4.833333333333334,0.6416666666666666,0.672614741580259,0.672614741580259,LSODA,1e-08,1e-10,3000.0,1201,extinct,False,-2.4650641877315454e-24,True,False,extinct_or_boundary_crossing,-3.63101832109014e-25,-2.4650641877315454e-24,4.993444089696192e-28,-1.3333333333333334e-07,9.447841957524132e-11,-0.6726147414857806,6.1166666666663945,1.0072435476145274e-25,2.335212295669492e-12,0.549999999962921,True,True,q evolves under selection
0.19175841666666674,frozen_q,False,4.833333333333334,0.6416666666666666,0.672614741580259,0.672614741580259,LSODA,1e-08,1e-10,3000.0,1201,extinct,False,-1.0806002178468533e-11,True,False,extinct_or_boundary_crossing,3.8031191299335605e-13,-1.8796340973315068e-14,-1.1113110268425029e-15,-1.3333333333333334e-07,0.6726147415802589,-1.1102230246251565e-16,5.947322035561869,-5.13909356636671e-15,0.672614741580259,0.719344630653515,True,True,q frozen at q_star_s0
0.19175841666666674,evolving_q,True,4.833333333333334,0.6416666666666666,0.672614741580259,0.672614741580259,LSODA,1e-08,1e-10,3000.0,1201,extinct,False,-1.0180350453550995e-24,True,False,extinct_or_boundary_crossing,-2.866170646985525e-28,-4.310008228800788e-27,-7.076522731939428e-30,-1.3333333333333334e-07,9.750590826421962e-11,-0.6726147414827531,6.116666666663939,-1.611614827452989e-30,1.789609494627936e-11,0.5499999947438585,True,True,q evolves under selection
0.1946638472222223,frozen_q,False,4.833333333333334,0.6416666666666666,0.672614741580259,0.672614741580259,LSODA,1e-08,1e-10,3000.0,1201,extinct,False,-2.8019953047494894e-12,True,False,extinct_or_boundary_crossing,1.548926996088924e-19,3.2339434024737724e-21,-4.0442334988378297e-22,-1.3333333333333334e-07,0.6726147415802589,-1.1102230246251565e-16,5.947322035561349,3.2339434024737724e-21,0.672614741580259,0.7193446309547271,True,True,q frozen at q_star_s0
0.1946638472222223,evolving_q,True,4.833333333333334,0.6416666666666666,0.672614741580259,0.672614741580259,LSODA,1e-08,1e-10,3000.0,1201,extinct,False,-3.5830396449465784e-26,True,False,extinct_or_boundary_crossing,-4.5284496610015346e-27,-2.5850650091731486e-26,1.7157802945319644e-29,-1.3333333333333334e-07,9.422359152360119e-11,-0.6726147414860354,6.116666666666129,-4.44800447470362e-27,6.876274651300919e-13,0.549999999972278,True,True,q evolves under selection
0.19756927777777783,frozen_q,False,4.833333333333334,0.6416666666666666,0.672614741580259,0.672614741580259,LSODA,1e-08,1e-10,3000.0,1201,extinct,False,-4.62708056479501e-12,True,False,extinct_or_boundary_crossing,-6.544182897815091e-16,-1.071832315438371e-15,-1.1131040684182989e-18,-1.3333333333333334e-07,0.6726147415802589,-1.1102230246251565e-16,5.947322035561844,-1.071832315438371e-15,0.672614741580259,0.7193446305325972,True,True,q frozen at q_star_s0
0.19756927777777783,evolving_q,True,4.833333333333334,0.6416666666666666,0.672614741580259,0.672614741580259,LSODA,1e-08,1e-10,3000.0,1201,extinct,False,-8.371201515053776e-30,True,False,extinct_or_boundary_crossing,1.9167228120274923e-32,-4.941612838760992e-32,-1.2616576958578994e-34,-1.3333333333333334e-07,6.860406526238928e-11,-0.672614741511655,6.116666666662421,6.800194817449907e-34,-5.477267641637761e-13,0.5499999999989882,True,True,q evolves under selection
0.2004747083333334,frozen_q,False,4.833333333333334,0.6416666666666666,0.672614741580259,0.672614741580259,LSODA,1e-08,1e-10,3000.0,1201,extinct,False,-1.2130893401188397e-11,True,False,extinct_or_boundary_crossing,-9.065010365029293e-19,-1.7949006452159426e-18,2.3690656232347016e-21,-1.3333333333333334e-07,0.6726147415802589,-1.1102230246251565e-16,5.947322035561349,-1.8101427789916024e-20,0.672614741580259,0.7193446200176769,True,True,q frozen at q_star_s0
0.2004747083333334,evolving_q,True,4.833333333333334,0.6416666666666666,0.672614741580259,0.672614741580259,LSODA,1e-08,1e-10,3000.0,1201,extinct,False,-3.541684355495317e-28,True,False,extinct_or_boundary_crossing,2.25167613616737e-29,-3.8165636091984286e-29,-5.267514609252451e-32,-1.3333333333333334e-07,9.642055921599444e-11,-0.6726147414838385,6.116666666713308,1.1321188985743203e-29,1.85275898424825e-12,0.5499999999533589,True,True,q evolves under selection
0.20338013888888895,frozen_q,False,4.833333333333334,0.6416666666666666,0.672614741580259,0.672614741580259,LSODA,1e-08,1e-10,3000.0,1201,extinct,False,-7.641047647087592e-12,True,False,extinct_or_boundary_crossing,-7.743289668535833e-16,-1.5335230140389727e-15,2.0245174591610386e-18,-1.3333333333333334e-07,0.6726147415802589,-1.1102230246251565e-16,5.947322035560962,-1.5134919668193875e-17,0.672614741580259,0.7193446303303014,True,True,q frozen at q_star_s0
0.20338013888888895,evolving_q,True,4.833333333333334,0.6416666666666666,0.672614741580259,0.672614741580259,LSODA,1e-08,1e-10,3000.0,1201,extinct,False,-8.657007966523137e-32,True,False,extinct_or_boundary_crossing,3.838692137002365e-33,-2.3503273195892037e-32,9.520763369766262e-36,-1.3333333333333334e-07,1.1112046373851476e-10,-0.6726147414691386,6.116666666664622,3.9487423373303906e-32,-2.473930407127115e-11,0.5499999998250358,True,True,q evolves under selection
0.2062855694444445,frozen_q,False,4.833333333333334,0.6416666666666666,0.672614741580259,0.672614741580259,LSODA,1e-08,1e-10,3000.0,1201,extinct,False,-7.907709033150084e-12,True,False,extinct_or_boundary_crossing,3.1092890248548625e-15,-6.596599578832325e-15,3.923118343521882e-18,-1.3333333333333334e-07,0.6726147415802589,-1.1102230246251565e-16,5.947322035561348,5.801771136922254e-17,0.672614741580259,0.7193446293494085,True,True,q frozen at q_star_s0
0.2062855694444445,evolving_q,True,4.833333333333334,0.6416666666666666,0.672614741580259,0.672614741580259,LSODA,1e-08,1e-10,3000.0,1201,extinct,False,-3.0863932519163716e-33,True,False,extinct_or_boundary_crossing,-2.609382925346461e-34,-3.0863932519163716e-33,3.182147339074187e-36,-1.3333333333333334e-07,1.103470799651917e-10,-0.672614741469912,6.116666666669307,5.128312650004715e-34,1.42030708809484e-11,0.549999999947576,True,True,q evolves under selection
0.20919100000000007,frozen_q,False,4.833333333333334,0.6416666666666666,0.672614741580259,0.672614741580259,LSODA,1e-08,1e-10,3000.0,1201,extinct,False,-3.86846258683933e-12,True,False,extinct_or_boundary_crossing,-8.788123531721817e-18,-2.7650159004654875e-17,-5.615279314578638e-20,-1.3333333333333334e-07,0.6726147415802589,-1.1102230246251565e-16,5.94732203556094,-2.7650159004654875e-17,0.672614741580259,0.7193446308964841,True,True,q frozen at q_star_s0
0.20919100000000007,evolving_q,True,4.833333333333334,0.6416666666666666,0.672614741580259,0.672614741580259,LSODA,1e-08,1e-10,3000.0,1201,extinct,False,-3.1511913375861328e-30,True,False,extinct_or_boundary_crossing,-8.138307745079704e-33,-5.53068649382493e-32,-9.199607062614048e-36,-1.3333333333333334e-07,9.935049120369788e-11,-0.6726147414809085,6.116666666665105,2.102145862813756e-33,6.202463629848353e-12,0.5499999999566905,True,True,q evolves under selection
0.21209643055555563,frozen_q,False,4.833333333333334,0.6416666666666666,0.672614741580259,0.672614741580259,LSODA,1e-08,1e-10,3000.0,1201,extinct,False,-2.8716114125423257e-12,True,False,extinct_or_boundary_crossing,2.8943112484591843e-19,5.3167975456222326e-21,-7.576382061341231e-22,-1.3333333333333334e-07,0.6726147415802589,-1.1102230246251565e-16,5.94732203556135,5.3167975456222326e-21,0.672614741580259,0.7193446309559608,True,True,q frozen at q_star_s0
0.21209643055555563,evolving_q,True,4.833333333333334,0.6416666666666666,0.672614741580259,0.672614741580259,LSODA,1e-08,1e-10,3000.0,1201,extinct,False,-2.9409492816766142e-33,True,False,extinct_or_boundary_crossing,8.751645717997894e-35,-3.904877505422147e-34,-4.49464339150182e-37,-1.3333333333333334e-07,9.697081586016805e-11,-0.6726147414832883,6.116666666640599,8.900488211892583e-34,2.6009875554236868e-12,0.5499999969672702,True,True,q evolves under selection
0.2150018611111112,frozen_q,False,4.833333333333334,0.6416666666666666,0.672614741580259,0.672614741580259,LSODA,1e-08,1e-10,3000.0,1201,extinct,False,-3.476715633572949e-11,True,False,extinct_or_boundary_crossing,1.0124013157772789e-15,1.8225371383111746e-17,-2.6511358517177793e-18,-1.3333333333333334e-07,0.6726147415802589,-1.1102230246251565e-16,5.947322035562701,1.8225371383111746e-17,0.672614741580259,0.719344630930418,True,True,q frozen at q_star_s0
0.2150018611111112,evolving_q,True,4.833333333333334,0.6416666666666666,0.672614741580259,0.672614741580259,LSODA,1e-08,1e-10,3000.0,1201,extinct,False,-1.2613840120793139e-27,True,False,extinct_or_boundary_crossing,-3.5086523501095246e-35,-2.7166571995401104e-32,-3.4628571934029754e-35,-1.3333333333333334e-07,9.740378135500136e-11,-0.6726147414828553,6.1166666666618745,-1.227979215312998e-33,2.7353735600160925e-12,0.5499999944799514,True,True,q evolves under selection
0.21790729166666672,frozen_q,False,4.833333333333334,0.6416666666666666,0.672614741580259,0.672614741580259,LSODA,1e-08,1e-10,3000.0,1201,extinct,False,-5.954080250199401e-12,True,False,extinct_or_boundary_crossing,1.8060130055961445e-16,3.1893380666439942e-18,-4.730985666479213e-19,-1.3333333333333334e-07,0.6726147415802589,-1.1102230246251565e-16,5.947322035561454,3.1893380666439942e-18,0.672614741580259,0.71934463092059,True,True,q frozen at q_star_s0
0.21790729166666672,evolving_q,True,4.833333333333334,0.6416666666666666,0.672614741580259,0.672614741580259,LSODA,1e-08,1e-10,3000.0,1201,extinct,False,-1.3924534908392189e-27,True,False,extinct_or_boundary_crossing,-4.7219192519907296e-36,-3.193013453502548e-34,-3.0844751306501487e-37,-1.3333333333333334e-07,9.547955389332116e-11,-0.6726147414847795,6.116666666666513,3.570820405367128e-35,6.0541206202365e-13,0.5499999999630338,True,True,q evolves under selection
0.22081272222222229,frozen_q,False,4.833333333333334,0.6416666666666666,0.672614741580259,0.672614741580259,LSODA,1e-08,1e-10,3000.0,1201,extinct,False,-6.422101077878592e-12,True,False,extinct_or_boundary_crossing,1.1648229207986158e-18,2.018699919748607e-20,-3.0523624576030117e-21,-1.3333333333333334e-07,0.6726147415802589,-1.1102230246251565e-16,5.94732203556135,2.018699919748607e-20,0.672614741580259,0.7193446300912715,True,True,q frozen at q_star_s0
0.22081272222222229,evolving_q,True,4.833333333333334,0.6416666666666666,0.672614741580259,0.672614741580259,LSODA,1e-08,1e-10,3000.0,1201,extinct,False,-1.208316879204389e-25,True,False,extinct_or_boundary_crossing,-6.104554740653812e-34,-4.520329054697319e-32,5.113123481299334e-35,-1.3333333333333334e-07,9.706218335921915e-11,-0.6726147414831969,6.116666666664126,-5.2321196584937416e-33,1.250136535789055e-11,0.5499999954757602,True,True,q evolves under selection
0.22371815277777785,frozen_q,False,4.833333333333334,0.6416666666666666,0.672614741580259,0.672614741580259,LSODA,1e-08,1e-10,3000.0,1201,extinct,False,-6.511907720896429e-12,True,False,extinct_or_boundary_crossing,5.629509703096475e-17,9.575859378960186e-19,-1.4756669624818322e-19,-1.3333333333333334e-07,0.6726147415802589,-1.1102230246251565e-16,5.947322035561399,9.575859378960186e-19,0.672614741580259,0.7193446300321261,True,True,q frozen at q_star_s0
0.22371815277777785,evolving_q,True,4.833333333333334,0.6416666666666666,0.672614741580259,0.672614741580259,LSODA,1e-08,1e-10,3000.0,1201,extinct,False,-3.2154579634554147e-32,True,False,extinct_or_boundary_crossing,2.777495317244873e-41,-7.116258132329452e-41,-9.989283377263e-44,-1.3333333333333334e-07,7.117494221344953e-11,-0.6726147415090841,6.11666666666746,2.5291967506887368e-42,1.4617636584947144e-12,0.5499999999984269,True,True,q evolves under selection
0.2266235833333334,frozen_q,False,4.833333333333334,0.6416666666666666,0.672614741580259,0.672614741580259,LSODA,1e-08,1e-10,3000.0,1201,extinct,False,-3.515246972579634e-11,True,False,extinct_or_boundary_crossing,9.731469134435514e-16,1.6259692131267922e-17,-2.551699256832756e-18,-1.3333333333333334e-07,0.6726147415802589,-1.1102230246251565e-16,5.947322035562887,1.6259692131267922e-17,0.672614741580259,0.7193446309307224,True,True,q frozen at q_star_s0
0.2266235833333334,evolving_q,True,4.833333333333334,0.6416666666666666,0.672614741580259,0.672614741580259,LSODA,1e-08,1e-10,3000.0,1201,extinct,False,-2.815560335202279e-27,True,False,extinct_or_boundary_crossing,1.299146623659782e-37,-2.036351097419563e-37,-4.689220023466286e-40,-1.3333333333333334e-07,7.1205208882821e-11,-0.6726147415090538,6.116666666667316,-6.939970868046293e-39,1.7815070734790417e-12,0.549999999984295,True,True,q evolves under selection
0.22952901388888897,frozen_q,False,4.833333333333334,0.6416666666666666,0.672614741580259,0.672614741580259,LSODA,1e-08,1e-10,3000.0,1201,extinct,False,-6.378036491331297e-12,True,False,extinct_or_boundary_crossing,1.4578715902642524e-13,4.1982974858141645e-15,-2.3137524992704983e-16,-1.3333333333333334e-07,0.6726147415802589,-1.1102230246251565e-16,5.947322035562776,4.1982974858141645e-15,0.672614741580259,0.7193446302943486,True,True,q frozen at q_star_s0
0.22952901388888897,evolving_q,True,4.833333333333334,0.6416666666666666,0.672614741580259,0.672614741580259,LSODA,1e-08,1e-10,3000.0,1201,extinct,False,-3.0139226887374075e-18,True,False,extinct_or_boundary_crossing,9.671161253355576e-36,-1.1022292951962197e-34,-1.5562538798140764e-37,-1.3333333333333334e-07,9.7372849671045e-11,-0.6726147414828861,6.116666666627684,7.791474020018377e-35,6.77872612384971e-12,0.5499999994094749,True,True,q evolves under selection
0.23243444444444453,frozen_q,False,4.833333333333334,0.6416666666666666,0.672614741580259,0.672614741580259,LSODA,1e-08,1e-10,3000.0,1201,extinct,False,1.1759111170633091e-21,True,False,extinct_or_boundary_crossing,1.3739149911267275e-18,1.1759111170633091e-21,-6.0404613749924256e-21,-1.3333333333333334e-07,0.6726147415802589,-1.1102230246251565e-16,5.947322035561349,1.1759111170633091e-21,0.672614741580259,0.719344631080401,True,True,q frozen at q_star_s0
0.23243444444444453,evolving_q,True,4.833333333333334,0.6416666666666666,0.672614741580259,0.672614741580259,LSODA,1e-08,1e-10,3000.0,1201,extinct,False,-9.218003466925474e-32,True,False,extinct_or_boundary_crossing,-3.0309083869804197e-37,-1.8419705507769045e-36,5.062936971340229e-40,-1.3333333333333334e-07,9.67179819933654e-11,-0.6726147414835411,6.116666666666822,-2.8969930448836243e-38,-9.659668441490088e-14,0.5499999999722922,True,True,q evolves under selection
