run_id,stress,q0,w0_scale,n0,w0,z0,T,classification,basin_label,tail_mean_w,tail_mean_q,q_change,previous_window_mean_w,latest_window_mean_w,relative_change_between_last_windows,rhs_norm,state_norm,normalized_residual,physical,min_n,min_w,min_q,max_q,min_z,q_clip_count,q_clip_max_violation,notes
s0p1584375_q0p0_wscale0p02,0.1584375,0.0,0.02,4.8333333333389445,0.012833333333268906,1.8204999999944536,1600.0,declining_transient,transient_basin,0.9606332207041599,0.13631950803396087,0.13631546665862068,1.2919196531210122,0.9606332207041599,-0.2564295942216936,0.0013657381824661676,4.839372788594645,0.0002822138822793146,True,3.497899442523077,0.012832861040062876,0.0,0.2140303678854113,0.5642077463700427,0,0.0,window_change_indicates_transient
s0p1584375_q0p0_wscale0p05,0.1584375,0.0,0.05,4.8333333333389445,0.032083333333172266,1.8012499999945502,1600.0,declining_transient,transient_basin,0.8035388257731939,0.1811746398843919,0.1811705985090517,1.2576306936415917,0.8035388257731939,-0.361069326762001,2.8960791303004713e-05,4.8859599380322125,5.927349317290653e-06,True,3.497903521422615,0.03208215260015719,0.0,0.21492907042680265,0.5854632038295113,0,0.0,window_change_indicates_transient
s0p1584375_q0p0_wscale0p1,0.1584375,0.0,0.1,4.8333333333389445,0.06416666666634453,1.769166666661378,1600.0,declining_transient,transient_basin,0.7349169232989837,0.1979805254720251,0.19797648409668492,1.2196888692455865,0.7349169232989837,-0.39745541520473865,6.715734608358121e-05,4.882499020905114,1.3754707537274963e-05,True,3.4979061124173865,0.06416430520031438,0.0,0.21492978149376102,0.6207464406325637,0,0.0,window_change_indicates_transient
s0p1584375_q0p0_wscale0p2,0.1584375,0.0,0.2,4.8333333333389445,0.12833333333268906,1.7049999999950334,1600.0,declining_transient,transient_basin,0.6995090477804116,0.20553757839209447,0.20553353701675428,1.183449996891354,0.6995090477804116,-0.4089238669839385,3.1128883654347026e-05,4.880727068427089,6.377919358719422e-06,True,3.49790777080799,0.12832861040062876,0.0,0.21493027193818043,0.690616499036739,0,0.0,window_change_indicates_transient
s0p1584375_q0p0_wscale0p5,0.1584375,0.0,0.5,4.8333333333389445,0.32083333333172265,1.5124999999959998,1600.0,declining_transient,transient_basin,0.6792171406507516,0.20934258623999705,0.20933854486465686,1.150349206698333,0.6792171406507516,-0.4095556925707785,1.0174007583891519e-05,4.880198717469248,2.0847527268659076e-06,True,3.497908636063336,0.32082152600157193,0.0,0.21493064156379882,0.89274605282354,0,0.0,window_change_indicates_transient
s0p1584375_q0p0_wscale1,0.1584375,0.0,1.0,4.8333333333389445,0.6416666666634453,1.1916666666642772,1600.0,declining_transient,transient_basin,0.6727234431766566,0.2104497778990943,0.21044573652375412,1.1361120814595431,0.6727234431766566,-0.4078722916911326,4.852055882261175e-06,4.880124286594514,9.942484242849222e-07,True,3.4979085296862396,0.6384631976982842,0.0,0.21493078606994256,1.1868399450919815,0,0.0,window_change_indicates_transient
s0p1584375_q0p0_wscale1p5,0.1584375,0.0,1.5,4.8333333333389445,0.962499999995168,0.8708333333325544,1600.0,declining_transient,transient_basin,0.6705573530131285,0.21080463639335367,0.2108005950180135,1.1307719113453256,0.6705573530131285,-0.4069915017473869,3.341516354981074e-06,4.880110216937896,6.847214932530279e-07,True,3.497907837370687,0.6384629981026115,0.0,0.21493083831372706,0.8706612467787385,0,0.0,window_change_indicates_transient
s0p1584375_q0p1_wscale0p02,0.1584375,0.1,0.02,4.8333333333389445,0.012833333333268906,1.8204999999944536,1600.0,persistent_steady,persistent_basin,0.641665067458353,0.21415089693733183,0.11415089693733182,0.6409686095491359,0.641665067458353,0.0010865710096269994,1.0203468920334342e-09,4.880441397365592,2.0906856756526286e-10,True,3.575095314783253,0.012832861040062876,0.014860120682860451,0.21491539274723084,0.5787987314873337,0,0.0,steady_by_tail_change_and_rhs_residual
s0p1584375_q0p1_wscale0p05,0.1584375,0.1,0.05,4.8333333333389445,0.032083333333172266,1.8012499999945502,1600.0,persistent_steady,persistent_basin,0.6416667625694364,0.21415078543390767,0.11415078543390766,0.641709655502971,0.6416667625694364,-6.684165208785059e-05,6.122692521929793e-11,4.880441348575102,1.2545366463050272e-11,True,3.674704134169318,0.03208215260015719,0.0341568827966032,0.21491539216181466,0.6034327322578938,0,0.0,steady_by_tail_change_and_rhs_residual
s0p1584375_q0p1_wscale0p1,0.1584375,0.1,0.1,4.8333333333389445,0.06416666666634453,1.769166666661378,1600.0,persistent_steady,persistent_basin,0.6416666583772617,0.21415079353792016,0.11415079353792015,0.6416692031644564,0.6416666583772617,-3.965886444599756e-06,3.761407757828632e-12,4.88044135158125,7.707105744872738e-13,True,3.7926151917454805,0.06416430520031438,0.05625024261723217,0.21491539418780095,0.6372786952976882,0,0.0,steady_by_tail_change_and_rhs_residual
s0p1584375_q0p1_wscale0p2,0.1584375,0.1,0.2,4.8333333333389445,0.12833333333268906,1.7049999999950334,1600.0,persistent_steady,persistent_basin,0.6416666625813419,0.2141507918945407,0.11415079189454069,0.6416642865681272,0.6416666625813419,3.70289147200333e-06,3.403704837443728e-12,4.880441351452266,6.97417424436602e-13,True,3.9135393648260157,0.12832861040062876,0.07792427227218401,0.21491539904836635,0.7042433025077969,0,0.0,steady_by_tail_change_and_rhs_residual
s0p1584375_q0p1_wscale0p5,0.1584375,0.1,0.5,4.8333333333389445,0.32083333333172265,1.5124999999959998,1600.0,persistent_steady,persistent_basin,0.6416666665456584,0.2141507916037284,0.1141507916037284,0.6416659103220101,0.6416666665456584,1.1785317500780535e-06,1.0909856046527666e-12,4.880441351337987,2.2354240653945563e-13,True,4.017515470015633,0.32082152600157193,0.09576003414966924,0.21491540648726193,0.8986819926257422,0,0.0,steady_by_tail_change_and_rhs_residual
s0p1584375_q0p1_wscale1,0.1584375,0.1,1.0,4.8333333333389445,0.6416666666634453,1.1916666666642772,1600.0,persistent_steady,persistent_basin,0.6416666670621552,0.21415079161577558,0.11415079161577557,0.6416663701769172,0.6416666670621552,4.6267850686706066e-07,4.3267526364035276e-13,4.88044135132339,8.865494583251732e-14,True,4.042773098987892,0.6385195395775852,0.09995974477421088,0.21491541108033727,1.1887385876527312,0,0.0,steady_by_tail_change_and_rhs_residual
s0p1584375_q0p1_wscale1p5,0.1584375,0.1,1.5,4.8333333333389445,0.962499999995168,0.8708333333325544,1600.0,persistent_steady,persistent_basin,0.6416666671505582,0.21415079162641398,0.11415079162641398,0.641666491529946,0.6416666671505582,2.736945352174776e-07,2.5936202584951754e-13,4.880441351320941,5.314314980535902e-14,True,4.026425256400267,0.6385195340499311,0.09995974477421088,0.21491541298541925,0.8706612467787385,0,0.0,steady_by_tail_change_and_rhs_residual
s0p1584375_q0p2_wscale0p02,0.1584375,0.2,0.02,4.8333333333389445,0.012833333333268906,1.8204999999944536,1600.0,declining_transient,transient_basin,0.641691423299729,0.21414931721224034,0.014149317212240331,0.6638697867353729,0.641691423299729,-0.03340770114679813,1.6887803639042358e-08,4.880440640159833,3.4603030513427754e-09,True,3.5479290619980794,0.008817302343102787,0.00954807168748179,0.21491539393631706,0.5713123163337158,0,0.0,window_change_indicates_transient
s0p1584375_q0p2_wscale0p05,0.1584375,0.2,0.05,4.8333333333389445,0.032083333333172266,1.8012499999945502,1600.0,persistent_steady,persistent_basin,0.6416660862118743,0.21415078222178813,0.014150782221788116,0.6411762004173571,0.6416660862118743,0.0007640423867858218,7.125051214873196e-10,4.880441367763582,1.459919437191843e-10,True,3.635799024456214,0.025395820932707355,0.026675474685007698,0.2149153958193363,0.594088120954469,0,0.0,steady_by_tail_change_and_rhs_residual
s0p1584375_q0p2_wscale0p1,0.1584375,0.2,0.1,4.8333333333389445,0.06416666666634453,1.769166666661378,1600.0,persistent_steady,persistent_basin,0.6416667047292933,0.21415079205298954,0.014150792052989525,0.6416977381889535,0.6416667047292933,-4.8361491420776745e-05,4.451024612471573e-11,4.88044135025629,9.120127244716982e-12,True,3.8106123678748305,0.06025044430820775,0.059540119249516715,0.2149153966985132,0.6355108080202987,0,0.0,steady_by_tail_change_and_rhs_residual
s0p1584375_q0p2_wscale0p2,0.1584375,0.2,0.2,4.8333333333389445,0.12833333333268906,1.7049999999950334,1600.0,persistent_steady,persistent_basin,0.6416666628081087,0.21415079186898422,0.014150791868984214,0.6416643350897707,0.6416666628081087,3.627626175675167e-06,3.334802588155939e-12,4.880441351445675,6.832993879064054e-13,True,4.127496707356169,0.12832861040062876,0.11386416685421356,0.21491539437010834,0.7160886278304991,0,0.0,steady_by_tail_change_and_rhs_residual
s0p1584375_q0p2_wscale0p5,0.1584375,0.2,0.5,4.8333333333389445,0.32083333333172265,1.5124999999959998,1600.0,persistent_steady,persistent_basin,0.6416666670864034,0.21415079170033235,0.014150791700332344,0.6416668093889726,0.6416666670864034,-2.2177018834463277e-07,2.0417405827245028e-13,4.880441351323193,4.1835162759838165e-14,True,4.551718244008226,0.32082152600157193,0.1770612364972236,0.21489553085202995,0.9043017371398792,0,0.0,steady_by_tail_change_and_rhs_residual
s0p1584375_q0p2_wscale1,0.1584375,0.2,1.0,4.8333333333389445,0.6416666666634453,1.1916666666642772,1600.0,persistent_steady,persistent_basin,0.6416666666825086,0.214150791742398,0.014150791742398,0.6416667057814072,0.6416666666825086,-6.093334469586552e-08,5.3993025253958746e-14,4.88044135133491,1.106314395914018e-14,True,4.722836444086649,0.6394512170868479,0.19995974477421088,0.21468921457445347,1.189605309152348,0,0.0,steady_by_tail_change_and_rhs_residual
s0p1584375_q0p2_wscale1p5,0.1584375,0.2,1.5,4.8333333333389445,0.962499999995168,0.8708333333325544,1600.0,persistent_steady,persistent_basin,0.6416666665913315,0.21415079174119864,0.014150791741198626,0.641666629211431,0.6416666665913315,5.825439380284619e-08,5.368225429494147e-14,4.8804413513374945,1.0999467144550306e-14,True,4.289483056070727,0.6295432028686198,0.19995974477421088,0.21708875784103918,0.8706612467787385,0,0.0,steady_by_tail_change_and_rhs_residual
s0p1584375_q0p3_wscale0p02,0.1584375,0.3,0.02,4.8333333333389445,0.012833333333268906,1.8204999999944536,1600.0,declining_transient,transient_basin,0.6414071838069569,0.21431437568697906,-0.08568562431302093,0.9270255048450974,0.6414071838069569,-0.30810190177654956,8.796032107452158e-07,4.88045063084935,1.802299167181899e-07,True,3.5159412611557155,0.002944282517474875,0.0033440838374727377,0.3000335581712729,0.5609664714100502,0,0.0,window_change_indicates_transient
s0p1584375_q0p3_wscale0p05,0.1584375,0.3,0.05,4.8333333333389445,0.032083333333172266,1.8012499999945502,1600.0,declining_transient,transient_basin,0.6417037120228866,0.21414219258338002,-0.08585780741661997,0.7029306210149268,0.6417037120228866,-0.08710235002088498,2.0777927532788454e-08,4.880440251657792,4.257387953009074e-09,True,3.5438383423196407,0.00805655345993882,0.008749474615865371,0.3000335581712729,0.5701168207654513,0,0.0,window_change_indicates_transient
s0p1584375_q0p3_wscale0p1,0.1584375,0.3,0.1,4.8333333333389445,0.06416666666634453,1.769166666661378,1600.0,persistent_steady,persistent_basin,0.6416649101068481,0.21415135870883253,-0.08584864129116745,0.6432652469374782,0.6416649101068481,-0.0024878334998651714,2.125800615614169e-09,4.880441404541042,4.355754816841367e-10,True,3.600922309751539,0.01876578582494764,0.019903361455279888,0.3000335581712729,0.585462813645869,0,0.0,steady_by_tail_change_and_rhs_residual
s0p1584375_q0p3_wscale0p2,0.1584375,0.3,0.2,4.8333333333389445,0.12833333333268906,1.7049999999950334,1600.0,persistent_steady,persistent_basin,0.641666812469745,0.21415076364627417,-0.08584923635372582,0.6416401244806973,0.641666812469745,4.159339173076476e-05,4.060846748136482e-11,4.8804413470307635,8.320654751044353e-12,True,3.7605984422812875,0.049932472752043267,0.05034300420038087,0.3000335581712729,0.6237004489745086,0,0.0,steady_by_tail_change_and_rhs_residual
s0p1584375_q0p3_wscale0p5,0.1584375,0.3,0.5,4.8333333333389445,0.32083333333172265,1.5124999999959998,1600.0,persistent_steady,persistent_basin,0.6416666604978796,0.2141507921803749,-0.0858492078196251,0.6416640945029389,0.6416666604978796,3.998969184379151e-06,3.666483663571314e-12,4.880441351513098,7.512606749048593e-13,True,4.280808872436355,0.1817002635384785,0.1378529234718302,0.3000335581712729,0.7620933712739701,0,0.0,steady_by_tail_change_and_rhs_residual
s0p1584375_q0p3_wscale1,0.1584375,0.3,1.0,4.8333333333389445,0.6416666666634453,1.1916666666642772,1600.0,persistent_steady,persistent_basin,0.641666664125345,0.21415079174143456,-0.08584920825856543,0.6416647208688925,0.641666664125345,3.0284607978738833e-06,2.7892445886195823e-12,4.880441351407523,5.715148257677888e-13,True,4.487932068511148,0.26147326079704125,0.16816779312554717,0.3000335581712729,0.8390864445622614,0,0.0,steady_by_tail_change_and_rhs_residual
s0p1584375_q0p3_wscale1p5,0.1584375,0.3,1.5,4.8333333333389445,0.962499999995168,0.8708333333325544,1600.0,persistent_steady,persistent_basin,0.6416666620856146,0.21415079195533093,-0.08584920804466906,0.6416642049706465,0.6416666620856146,3.829284770949274e-06,3.51760322210458e-12,4.880441351466695,7.207551466728418e-13,True,4.327246344540416,0.2430087121241624,0.16220842851821066,0.3042566717913563,0.8215044168644854,0,0.0,steady_by_tail_change_and_rhs_residual
s0p1584375_q0p4_wscale0p02,0.1584375,0.4,0.02,4.8333333333389445,0.012833333333268906,1.8204999999944536,1600.0,declining_transient,transient_basin,0.8121211808273832,0.17893301595263264,-0.22106698404736738,1.260872627853609,0.8121211808273832,-0.355905455565435,8.613561841581421e-06,4.886066306683231,1.7628827160613168e-06,True,3.5027684790939473,0.0006850284557909742,0.0008627190752630965,0.40003355817127295,0.5549604127573318,0,0.0,window_change_indicates_transient
s0p1584375_q0p4_wscale0p05,0.1584375,0.4,0.05,4.8333333333389445,0.032083333333172266,1.8012499999945502,1600.0,declining_transient,transient_basin,0.6670297828176056,0.21136998391016038,-0.18863001608983965,1.1215321241117966,0.6670297828176056,-0.4052512910890863,7.321171476702988e-07,4.880096140574481,1.5002105011482716e-07,True,3.5090609449578922,0.0017342016921946838,0.00203588030889199,0.40003355817127295,0.55814851021873,0,0.0,window_change_indicates_transient
s0p1584375_q0p4_wscale0p1,0.1584375,0.4,0.1,4.8333333333389445,0.06416666666634453,1.769166666661378,1600.0,declining_transient,transient_basin,0.6416455140850975,0.21431775648411436,-0.18568224351588566,0.9381702193653929,0.6416455140850975,-0.3160670624152553,1.1653886893998028e-06,4.880444095846038,2.3878742723263984e-07,True,3.519195717051121,0.0035285111231022014,0.003968297026771259,0.40003355817127295,0.5621759959340422,0,0.0,window_change_indicates_transient
s0p1584375_q0p4_wscale0p2,0.1584375,0.4,0.2,4.8333333333389445,0.12833333333268906,1.7049999999950334,1600.0,declining_transient,transient_basin,0.6415222324969486,0.2141469011702093,-0.18585309882979073,0.7632400443199042,0.6415222324969486,-0.15947513856065293,1.8873923679406733e-07,4.880445454349363,3.8672543020815115e-08,True,3.539163936335032,0.007189332143996841,0.007837974045485047,0.40003355817127295,0.5687194668807893,0,0.0,window_change_indicates_transient
s0p1584375_q0p4_wscale0p5,0.1584375,0.4,0.5,4.8333333333389445,0.32083333333172265,1.5124999999959998,1600.0,declining_transient,transient_basin,0.6416827232677776,0.21415037376347132,-0.1858496262365287,0.6572280143537343,0.6416827232677776,-0.023652812641047724,1.4815733459421429e-08,4.880440893141726,3.0357366852329557e-09,True,3.5891050268579634,0.01653484398007924,0.01759794354501569,0.40003355817127295,0.5824524894515368,0,0.0,window_change_indicates_transient
s0p1584375_q0p4_wscale1,0.1584375,0.4,1.0,4.8333333333389445,0.6416666666634453,1.1916666666642772,1600.0,persistent_steady,persistent_basin,0.6416698229095277,0.21415134112088802,-0.185848658879112,0.6477760786093973,0.6416698229095277,-0.009426491501474045,7.4468729534372726e-09,4.8804412649486775,1.525860582919152e-09,True,3.614261383667567,0.0212931118015503,0.022499720428066586,0.40003355817127295,0.5888004113464431,0,0.0,steady_by_tail_change_and_rhs_residual
s0p1584375_q0p4_wscale1p5,0.1584375,0.4,1.5,4.8333333333389445,0.962499999995168,0.8708333333325544,1600.0,persistent_steady,persistent_basin,0.6416752781647215,0.21415102942219333,-0.1858489705778067,0.651855325145437,0.6416752781647215,-0.015617034314238689,1.1261434871716124e-08,4.880441108264953,2.307462506338834e-09,True,3.606397048337794,0.019801956717384394,0.020969808123744327,0.40286288586615054,0.5868396085769421,0,0.0,steady_by_tail_change_and_rhs_residual
s0p1584375_q0p5_wscale0p02,0.1584375,0.5,0.02,4.8333333333389445,0.012833333333268906,1.8204999999944536,1600.0,recovery_transient,transient_basin,1.2452722583313582,0.03182284388476775,-0.46817715611523225,0.9813291524464208,1.2452722583313582,0.2689649086923955,0.003773109962096825,4.106998404903841,0.0009187025633103859,True,3.4988847091166377,0.0001115579465575056,0.00016533273430646047,0.5000335581712729,0.5519846024350946,0,0.0,window_change_indicates_transient
s0p1584375_q0p5_wscale0p05,0.1584375,0.5,0.05,4.8333333333389445,0.032083333333172266,1.8012499999945502,1600.0,declining_transient,transient_basin,1.0955165650518077,0.09171933570214895,-0.40828066429785104,1.233982850687435,1.0955165650518077,-0.11221086707849276,0.0035990565583702773,4.641778866346546,0.0007753614857579428,True,3.500053209381787,0.0002717885959731833,0.00037085447759162293,0.5000335581712729,0.5530912850583216,0,0.0,window_change_indicates_transient
s0p1584375_q0p5_wscale0p1,0.1584375,0.5,0.1,4.8333333333389445,0.06416666666634453,1.769166666661378,1600.0,declining_transient,transient_basin,0.9306646710458403,0.145440387667034,-0.354559612332966,1.2880431504960537,0.9306646710458403,-0.2774584681519242,0.0009483529976729339,4.859402296918595,0.00019515836305100648,True,3.501712113865127,0.0005196289329191897,0.0006697326918607582,0.5000335581712729,0.5542988902870579,0,0.0,window_change_indicates_transient
s0p1584375_q0p5_wscale0p2,0.1584375,0.5,0.2,4.8333333333389445,0.12833333333268906,1.7049999999950334,1600.0,declining_transient,transient_basin,0.7874747228178534,0.18531416514456617,-0.31468583485543383,1.2510495588940902,0.7874747228178534,-0.3705487386814878,5.729698821348393e-05,4.885515981617374,1.1727929747661062e-05,True,3.5043699206798746,0.0009434254399653277,0.001158038880709979,0.5000335581712729,0.5558684259797402,0,0.0,window_change_indicates_transient
s0p1584375_q0p5_wscale0p5,0.1584375,0.5,0.5,4.8333333333389445,0.32083333333172265,1.5124999999959998,1600.0,declining_transient,transient_basin,0.6914593115143599,0.20710898186209156,-0.2928910181379084,1.172092822844753,0.6914593115143599,-0.4100643754168387,2.1996723907210662e-05,4.880460451598231,4.507100124130147e-06,True,3.508913931447312,0.0017088757058986602,0.0020081556832800824,0.5000335581712729,0.558082881183343,0,0.0,window_change_indicates_transient
s0p1584375_q0p5_wscale1,0.1584375,0.5,1.0,4.8333333333389445,0.6416666666634453,1.1916666666642772,1600.0,declining_transient,transient_basin,0.6778821789224077,0.20958069053596012,-0.2904193094640399,1.1478257046302551,0.6778821789224077,-0.40942063225464065,8.64420845621106e-06,4.880175230143267,1.7712905886695576e-06,True,3.510583705620862,0.00199814287566884,0.002323727201209633,0.5000335581712729,0.5588121802263587,0,0.0,window_change_indicates_transient
s0p1584375_q0p5_wscale1p5,0.1584375,0.5,1.5,4.8333333333389445,0.962499999995168,0.8708333333325544,1600.0,declining_transient,transient_basin,0.6853862977381239,0.20824270201171732,-0.29175729798828265,1.1621234619077365,0.6853862977381239,-0.41022936012926126,1.56912140824824e-05,4.880308103590609,3.2152097263977735e-06,True,3.5100303397098624,0.0019019185331767031,0.002218996553161485,0.5022178406929495,0.5585742550379398,0,0.0,window_change_indicates_transient
s0p1584375_q0p6_wscale0p02,0.1584375,0.6,0.02,4.8333333333389445,0.012833333333268906,1.8204999999944536,1600.0,recovery_transient,transient_basin,1.3086042058545213,0.0004242762914064854,-0.5995757237085935,0.17289274393953596,1.3086042058545213,6.568878693441098,7.496825209921491e-05,3.7400271857423193,2.004484148805331e-05,True,3.498027833068959,1.1268503795160648e-05,2.086522117724398e-05,0.6000335581712729,0.5506525529444327,0,0.0,window_change_indicates_transient
s0p1584375_q0p6_wscale0p05,0.1584375,0.6,0.05,4.8333333333389445,0.032083333333172266,1.8012499999945502,1600.0,recovery_transient,transient_basin,1.3055222367797328,0.0020852861144106324,-0.5979147138855894,0.4390459801308809,1.3055222367797328,1.9735433094969979,0.0003618054650148434,3.7599568196967983,9.622596278752459e-05,True,3.498181546997211,2.702420560035133e-05,4.592236842880649e-05,0.6000335581712729,0.5509943391058896,0,0.0,window_change_indicates_transient
s0p1584375_q0p6_wscale0p1,0.1584375,0.6,0.1,4.8333333333389445,0.06416666666634453,1.769166666661378,1600.0,recovery_transient,transient_basin,1.2975094218299679,0.006329959641724819,-0.5936700403582752,0.6272801030626496,1.2975094218299679,1.0684689590742193,0.001046746370991282,3.810822317363096,0.0002746772963467842,True,3.4983896482481356,5.044269756054067e-05,8.066734380664088e-05,0.6000335581712729,0.5513457033254758,0,0.0,window_change_indicates_transient
s0p1584375_q0p6_wscale0p2,0.1584375,0.6,0.2,4.8333333333389445,0.12833333333268906,1.7049999999950334,1600.0,recovery_transient,transient_basin,1.278202097061583,0.016159391643884018,-0.583840608356116,0.7921031212087656,1.278202097061583,0.6136814296489836,0.0023716359653412323,3.927552110000218,0.0006038458304098989,True,3.49869943597293,8.800360833198237e-05,0.00013339964780203446,0.6000335581712729,0.551766159799601,0,0.0,window_change_indicates_transient
s0p1584375_q0p6_wscale0p5,0.1584375,0.6,0.5,4.8333333333389445,0.32083333333172265,1.5124999999959998,1600.0,recovery_transient,transient_basin,1.237674969910731,0.03526804072105494,-0.564731959278945,0.9392577880389401,1.237674969910731,0.31771595154387905,0.0039745637174478255,4.144888465497544,0.0009589072783339,True,3.499169666035909,0.00014899331574487422,0.00021487702977342817,0.6000335581712729,0.552289688254044,0,0.0,window_change_indicates_transient
s0p1584375_q0p6_wscale1,0.1584375,0.6,1.0,4.8333333333389445,0.6416666666634453,1.1916666666642772,1600.0,recovery_transient,transient_basin,1.2246649842564346,0.0410389789250017,-0.5589610210749982,0.9646785948754673,1.2246649842564346,0.26950570973799787,0.004234476558640125,4.206787035030248,0.0010065821072897923,True,3.4993274265732044,0.00017024696021097343,0.0002424925341651921,0.6000335581712729,0.5524463941634761,0,0.0,window_change_indicates_transient
s0p1584375_q0p6_wscale1p5,0.1584375,0.6,1.5,4.8333333333389445,0.962499999995168,0.8708333333325544,1600.0,recovery_transient,transient_basin,1.2322811040712451,0.03767978818450989,-0.5623202118154901,0.9412021576999955,1.2322811040712451,0.3092629399432698,0.004094656056011027,4.171005153600518,0.0009816952761318013,True,3.4992722425344875,0.00016277363003586122,0.00023281891710446307,0.6017664670870102,0.5523924247662393,0,0.0,window_change_indicates_transient
s0p1584375_q0p7_wscale0p02,0.1584375,0.7,0.02,4.8333333333389445,0.012833333333268906,1.8204999999944536,1600.0,recovery_transient,transient_basin,0.4508543402920911,4.500694190243271e-06,-0.6999954993058097,0.0007004553890637441,0.4508543402920911,642.6588929592226,2.0492561370003363e-07,3.734949974275897,5.486703037830192e-08,True,3.497902540584317,5.482403812031448e-07,1.3690605565301537e-06,0.7000335581712729,0.5501542482344466,0,0.0,window_change_indicates_transient
s0p1584375_q0p7_wscale0p05,0.1584375,0.7,0.05,4.8333333333389445,0.032083333333172266,1.8012499999945502,1600.0,recovery_transient,transient_basin,0.711310630206457,8.46075941440054e-06,-0.6999915392405855,0.0017332345610789484,0.711310630206457,409.3949033670677,1.0067882812987153e-06,3.735004181676035,2.6955479360318465e-07,True,3.4979135591846653,1.306405004295145e-06,2.993310480727269e-06,0.7000335581712729,0.5502331299296193,0,0.0,window_change_indicates_transient
s0p1584375_q0p7_wscale0p1,0.1584375,0.7,0.1,4.8333333333389445,0.06416666666634453,1.769166666661378,1600.0,recovery_transient,transient_basin,0.8937124566357427,1.955671001387486e-05,-0.6999804432899861,0.0034002827360162776,0.8937124566357427,261.83474817238385,3.0967382044386064e-06,3.735145491182287,8.290810121718698e-07,True,3.4979282294867002,2.415583350337089e-06,5.207828656974511e-06,0.7000335581712729,0.5503124450100948,0,0.0,window_change_indicates_transient
s0p1584375_q0p7_wscale0p2,0.1584375,0.7,0.2,4.8333333333389445,0.12833333333268906,1.7049999999950334,1600.0,recovery_transient,transient_basin,1.050961335097738,4.798324232506274e-05,-0.6999520167576749,0.006486191378844289,1.050961335097738,161.03057753207995,8.285153643814718e-06,3.7354964562784585,2.217952483903283e-06,True,3.49794952512248,4.1519321085749634e-06,8.484179573100942e-06,0.7000335581712729,0.5504046016988056,0,0.0,window_change_indicates_transient
s0p1584375_q0p7_wscale0p5,0.1584375,0.7,0.5,4.8333333333389445,0.32083333333172265,1.5124999999959998,1600.0,recovery_transient,transient_basin,1.1876877975827842,0.00011502300847169366,-0.6998849769915283,0.013035557434935827,1.1876877975827842,90.11139308854813,2.0307258784894457e-05,3.7363105385589193,5.435110003658017e-06,True,3.497980653446339,6.869902599975573e-06,1.3356747023103573e-05,0.7000335581712729,0.5505147561970787,0,0.0,window_change_indicates_transient
s0p1584375_q0p7_wscale1,0.1584375,0.7,1.0,4.8333333333389445,0.6416666666634453,1.1916666666642772,1600.0,recovery_transient,transient_basin,1.2122655104153834,0.00013981633399208366,-0.6998601836660079,0.01529158909504603,1.2122655104153834,78.27662081948812,2.471816564441607e-05,3.736609526800187,6.615132104954851e-06,True,3.49799083979689,7.794699198347124e-06,1.4967044532135313e-05,0.7000335581712729,0.5505468470418581,0,0.0,window_change_indicates_transient
s0p1584375_q0p7_wscale1p5,0.1584375,0.7,1.5,4.8333333333389445,0.962499999995168,0.8708333333325544,1600.0,recovery_transient,transient_basin,1.192365694191159,0.0001257085925041887,-0.6998742914074958,0.013420703020681869,1.192365694191159,87.84524844590281,2.2199034510714072e-05,3.736438750532863,5.941227996189743e-06,True,3.497987105473901,7.453882597455833e-06,1.437591071771943e-05,0.7013714983153918,0.5505352617443593,0,0.0,window_change_indicates_transient
s0p1584375_q0p8_wscale0p02,0.1584375,0.8,0.02,4.8333333333389445,0.012833333333268906,1.8204999999944536,1600.0,recovery_transient,transient_basin,0.00044082696358980626,5.609121693770804e-06,-0.7999943908783063,5.776561475767308e-06,0.00044082696358980626,4.35050402114039,4.737090232592589e-05,6.112843230597699,7.749405724788083e-06,True,4.833170805379261,7.223982157399406e-09,4.6415825478640584e-07,0.800033558171273,0.550019772265889,0,0.0,window_change_indicates_transient
s0p1584375_q0p8_wscale0p05,0.1584375,0.8,0.05,4.8333333333389445,0.032083333333172266,1.8012499999945502,1600.0,recovery_transient,transient_basin,0.0010720581998965,5.625524440498818e-06,-0.7999943744755595,1.3694643950056267e-05,0.0010720581998965,10.583635559464437,0.00012405132104917221,6.107142570575878,2.0312497967027925e-05,True,4.833170805379261,1.7171405077609386e-08,4.6717031924849364e-07,0.800033558171273,0.5500298086876352,0,0.0,window_change_indicates_transient
s0p1584375_q0p8_wscale0p1,0.1584375,0.8,0.1,4.8333333333389445,0.06416666666634453,1.769166666661378,1600.0,recovery_transient,transient_basin,0.002044282795583562,5.65193674245413e-06,-0.7999943480632576,2.5122448147455676e-05,0.002044282795583562,20.191603474361063,0.0002649292726487694,6.097819962754472,4.3446555370109205e-05,True,4.833170805379261,3.163713544907983e-08,4.7193770095356e-07,0.800033558171273,0.5500398288015094,0,0.0,window_change_indicates_transient
s0p1584375_q0p8_wscale0p2,0.1584375,0.8,0.2,4.8333333333389445,0.12833333333268906,1.7049999999950334,1600.0,recovery_transient,transient_basin,0.0036956554501560916,5.701571226684148e-06,-0.7999942984287733,4.259035295373131e-05,0.0036956554501560916,36.5306509720236,0.0005793720314646936,6.080378208616993,9.528552527269091e-05,True,4.833170805379261,5.408489236404081e-08,4.805285646965467e-07,0.800033558171273,0.5500513637424023,0,0.0,window_change_indicates_transient
s0p1584375_q0p8_wscale0p5,0.1584375,0.8,0.5,4.8333333333389445,0.32083333333172265,1.5124999999959998,1600.0,recovery_transient,transient_basin,0.006617688673051881,5.829520399806137e-06,-0.7999941704796002,6.838291028753728e-05,0.006617688673051881,65.49305762764342,0.0014419792552818114,6.044027519510906,0.0002385792008105382,True,4.833170805379261,8.88228471795268e-08,4.994609245203463e-07,0.800033558171273,0.5500649940292599,0,0.0,window_change_indicates_transient
s0p1584375_q0p8_wscale1,0.1584375,0.8,1.0,4.8333333333389445,0.6416666666634453,1.1916666666642772,1600.0,recovery_transient,transient_basin,0.007507943762052422,5.99360380277624e-06,-0.7999940063961972,7.513359724277282e-05,0.007507943762052422,74.32810164809649,0.0018044958838641777,6.031425339223319,0.0002991823296110877,True,4.833170805379261,1.0058847200181563e-07,5.160969031418133e-07,0.800033558171273,0.5500689459295403,0,0.0,window_change_indicates_transient
s0p1584375_q0p8_wscale1p5,0.1584375,0.8,1.5,4.8333333333389445,0.962499999995168,0.8708333333325544,1600.0,recovery_transient,transient_basin,0.006839510326812313,6.118106959479333e-06,-0.7999938818930405,7.011196400651163e-05,0.006839510326812313,67.69398362805802,0.0015273334551231415,6.040957563846059,0.0002528296944616746,True,4.474252886988119,9.606910469637941e-08,5.248411439536579e-07,0.8009732397818367,0.5500674582122188,0,0.0,window_change_indicates_transient
s0p1584375_q0p9_wscale0p02,0.1584375,0.9,0.02,4.8333333333389445,0.012833333333268906,1.8204999999944536,1600.0,extinct_steady,extinct_basin,1.295443276570468e-07,9.902037731409064e-06,-0.8999900979622686,1.7295394606772108e-09,1.295443276570468e-07,0.0012781478819636957,1.4249296332883119e-08,6.116665404172556,2.32958571236589e-09,True,4.833170805379261,4.0635157446204265e-12,8.173764586337769e-07,0.900033558171273,0.5500005698609983,0,0.0,steady_by_tail_change_and_rhs_residual
s0p1584375_q0p9_wscale0p05,0.1584375,0.9,0.05,4.8333333333389445,0.032083333333172266,1.8012499999945502,1600.0,extinct_steady,extinct_basin,3.070236257642603e-07,9.92363716939117e-06,-0.8999900763628307,4.099041149178503e-09,3.070236257642603e-07,0.0030292458461508177,3.0994362458466445e-08,6.116663890067072,5.067200522297553e-09,True,4.833170805379261,9.653895060050795e-12,8.191602534380702e-07,0.900033558171273,0.5500008587467308,0,0.0,steady_by_tail_change_and_rhs_residual
s0p1584375_q0p9_wscale0p1,0.1584375,0.9,0.1,4.8333333333389445,0.06416666666634453,1.769166666661378,1600.0,extinct_steady,extinct_basin,5.630757706855428e-07,9.958693754675544e-06,-0.8999900413062454,7.517532370408528e-09,5.630757706855428e-07,0.005555582383151342,5.66488927341806e-08,6.116661705545955,9.261406868850906e-09,True,4.833170805379261,1.777432562572758e-11,8.220552699852631e-07,0.900033558171273,0.5500011468196377,0,0.0,steady_by_tail_change_and_rhs_residual
s0p1584375_q0p9_wscale0p2,0.1584375,0.9,0.2,4.8333333333389445,0.12833333333268906,1.7049999999950334,1600.0,extinct_steady,extinct_basin,9.546906555710686e-07,1.0025499546104818e-05,-0.8999899745004539,1.2745856084003881e-08,9.546906555710686e-07,0.009419447994870647,9.637538487955228e-08,6.116658364173862,1.5756215100067812e-08,True,4.833170805379261,3.0360239622723584e-11,8.275717514517119e-07,0.900033558171273,0.5500014780409719,0,0.0,steady_by_tail_change_and_rhs_residual
s0p1584375_q0p9_wscale0p5,0.1584375,0.9,0.5,4.8333333333389445,0.32083333333172265,1.5124999999959998,1600.0,extinct_steady,extinct_basin,1.5372058457875382e-06,1.0203250572539055e-05,-0.8999897967494275,2.052300107513198e-08,1.5372058457875382e-06,0.015166828447124062,1.5568196164780963e-07,6.116653392558365,2.545214705760755e-08,True,4.833170805379261,4.9846756257368125e-11,8.422474727248738e-07,0.900033558171273,0.5500018695473495,0,0.0,steady_by_tail_change_and_rhs_residual
s0p1584375_q0p9_wscale1,0.1584375,0.9,1.0,4.8333333333389445,0.6416666666634453,1.1916666666642772,1600.0,extinct_steady,extinct_basin,1.6974687562111556e-06,1.0442289741516474e-05,-0.8999895577102585,2.2663400149002225e-08,1.6974687562111556e-06,0.016748053560621534,1.7199557004448903e-07,6.116652021699081,2.8119234089879153e-08,True,4.833170805379261,5.6476574532607536e-11,8.619804911014681e-07,0.900033558171273,0.5500019835259873,0,0.0,steady_by_tail_change_and_rhs_residual
s0p1584375_q0p9_wscale1p5,0.1584375,0.9,1.5,4.8333333333389445,0.962499999995168,0.8708333333325544,1600.0,extinct_steady,extinct_basin,1.5860028367252513e-06,1.0631383947908313e-05,-0.8999893686160522,2.117594946001542e-08,1.5860028367252513e-06,0.01564826887265236,1.6061472723243373e-07,6.116652969515807,2.62585973134173e-08,True,4.502257004950554,5.3830055984927066e-11,8.775893394432162e-07,0.9005336141282269,0.5500019389190907,0,0.0,steady_by_tail_change_and_rhs_residual
s0p16486816_q0p0_wscale0p02,0.16486816,0.0,0.02,4.8333333333389445,0.012833333333268906,1.8204999999944536,1600.0,declining_transient,transient_basin,1.1657260749902012,0.050991745181380464,0.05098770380604028,1.275999881784441,1.1657260749902012,-0.08642148668542639,0.004136520781650812,4.356654392942652,0.0009494718673006436,True,3.5583248930676166,0.012832861040062876,0.0,0.1435575588397292,0.5641228661266469,0,0.0,window_change_indicates_transient
s0p16486816_q0p0_wscale0p05,0.16486816,0.0,0.05,4.8333333333389445,0.032083333333172266,1.8012499999945502,1600.0,declining_transient,transient_basin,0.9205272227140753,0.13277400702460238,0.1327699656492622,1.2567462794110367,0.9205272227140753,-0.26753137224685286,0.001050656861856839,4.855134384813612,0.00021640119069478108,True,3.5583305415701467,0.03208215260015719,0.0,0.1961775929229807,0.5852873184922783,0,0.0,window_change_indicates_transient
s0p16486816_q0p0_wscale0p1,0.16486816,0.0,0.1,4.8333333333389445,0.06416666666634453,1.769166666661378,1600.0,declining_transient,transient_basin,0.7979723364888957,0.16557534400954366,0.16557130263420347,1.2262948589793539,0.7979723364888957,-0.3492818381763024,3.0206394155688386e-05,4.886566883602703,6.18151656883047e-06,True,3.5583344743538805,0.06416430520031438,0.0,0.19644982784779064,0.6204509699581722,0,0.0,window_change_indicates_transient
s0p16486816_q0p0_wscale0p2,0.16486816,0.0,0.2,4.8333333333389445,0.12833333333268906,1.7049999999950334,1600.0,declining_transient,transient_basin,0.7387922762660042,0.17941133303830825,0.17940729166296807,1.1944324453542436,0.7387922762660042,-0.381470020226306,9.06041761854854e-05,4.882926294331865,1.8555302849985545e-05,True,3.558336829649958,0.12832861040062876,0.0,0.19645052423542753,0.6901284974431119,0,0.0,window_change_indicates_transient
s0p16486816_q0p0_wscale0p5,0.16486816,0.0,0.5,4.8333333333389445,0.32083333333172265,1.5124999999959998,1600.0,declining_transient,transient_basin,0.7068473583867808,0.18604818618864896,0.18604414481330878,1.1653066166301724,0.7068473583867808,-0.3934237150125876,5.537162537978721e-05,4.88052920560076,1.1345414205542356e-05,True,3.558337936274904,0.32082152600157193,0.0,0.19645100291184497,0.8920500029794618,0,0.0,window_change_indicates_transient
s0p16486816_q0p0_wscale1,0.16486816,0.0,1.0,4.8333333333389445,0.6416666666634453,1.1916666666642772,1600.0,declining_transient,transient_basin,0.6969249697243337,0.1879450520035412,0.187941010628201,1.1530263790024589,0.6969249697243337,-0.39556892850337166,4.074095965484069e-05,4.879967973645075,8.348612096404677e-06,True,3.55833779229348,0.637699419999442,0.0,0.19645117875322493,1.1872525784968062,0,0.0,window_change_indicates_transient
s0p16486816_q0p0_wscale1p5,0.16486816,0.0,1.5,4.8333333333389445,0.962499999995168,0.8708333333325544,1600.0,declining_transient,transient_basin,0.6936408782266731,0.18855212155915316,0.18854808018381297,1.1484700925051996,0.6936408782266731,-0.39603052551972945,3.5867269555654084e-05,4.879809850932268,7.350136716659521e-06,True,3.5583372311546175,0.6376991717023931,0.0,0.19645124101673025,0.8706612467787385,0,0.0,window_change_indicates_transient
s0p16486816_q0p1_wscale0p02,0.16486816,0.1,0.02,4.8333333333389445,0.012833333333268906,1.8204999999944536,1600.0,declining_transient,transient_basin,0.6410346629646876,0.1955856190095164,0.0955856190095164,0.8158405216171621,0.6410346629646876,-0.21426474172424498,5.031049354508367e-07,4.87968978547053,1.0310182769176261e-07,True,3.5742508193755227,0.01169281776828071,0.0028087345803901494,0.19643484761816518,0.5686224086624247,0,0.0,window_change_indicates_transient
s0p16486816_q0p1_wscale0p05,0.16486816,0.1,0.05,4.8333333333389445,0.032083333333172266,1.8012499999945502,1600.0,persistent_steady,persistent_basin,0.6416644033305159,0.195542729855882,0.095542729855882,0.6408561219748682,0.6416644033305159,0.001261252452667367,2.7952304936398213e-09,4.879660356504423,5.728330025908204e-10,True,3.649480856484832,0.03208215260015719,0.01682691786437962,0.1964348484712017,0.5966848116802669,0,0.0,steady_by_tail_change_and_rhs_residual
s0p16486816_q0p1_wscale0p1,0.16486816,0.1,0.1,4.8333333333389445,0.06416666666634453,1.769166666661378,1600.0,persistent_steady,persistent_basin,0.64166672478123,0.19554266465198056,0.09554266465198055,0.6417052019189213,0.64166672478123,-5.99607694877329e-05,1.4303982812032405e-10,4.879660246968407,2.931348103778139e-11,True,3.794406043912889,0.06416430520031438,0.04341726225315826,0.19643484552097848,0.6368720990078427,0,0.0,steady_by_tail_change_and_rhs_residual
s0p16486816_q0p1_wscale0p2,0.16486816,0.1,0.2,4.8333333333389445,0.12833333333268906,1.7049999999950334,1600.0,persistent_steady,persistent_basin,0.6416666494407528,0.19554266156453912,0.09554266156453911,0.6416617604103452,0.6416666494407528,7.619326425969699e-06,1.5463910393551012e-11,4.879660250682961,3.16905472904321e-12,True,3.9617581588167647,0.12832861040062876,0.07245807877767226,0.19643484970012828,0.7036598296351045,0,0.0,steady_by_tail_change_and_rhs_residual
s0p16486816_q0p1_wscale0p5,0.16486816,0.1,0.5,4.8333333333389445,0.32083333333172265,1.5124999999959998,1600.0,persistent_steady,persistent_basin,0.6416666667153907,0.19554266011174862,0.09554266011174861,0.6416653822830616,0.6416666667153907,2.0017167274829634e-06,5.338737092569708e-12,4.879660249897648,1.094079673412035e-12,True,4.099668712440825,0.32082152600157193,0.09495649122460367,0.19643486090922677,0.8978452958395156,0,0.0,steady_by_tail_change_and_rhs_residual
s0p16486816_q0p1_wscale1,0.16486816,0.1,1.0,4.8333333333389445,0.6416666666634453,1.1916666666642772,1600.0,persistent_steady,persistent_basin,0.6416666683711219,0.1955426601902454,0.0955426601902454,0.6416663672679385,0.6416666683711219,4.692519333195436e-07,1.7312896684736114e-12,4.87966024981569,3.547971743604494e-13,True,4.131606743037706,0.6377621048975041,0.09995974477421088,0.19643486746129502,1.1880086635883538,0,0.0,steady_by_tail_change_and_rhs_residual
s0p16486816_q0p1_wscale1p5,0.16486816,0.1,1.5,4.8333333333389445,0.962499999995168,0.8708333333325544,1600.0,persistent_steady,persistent_basin,0.6416666685646003,0.19554266023792227,0.09554266023792227,0.6416665951532968,0.6416666685646003,1.1440723895414712e-07,8.448716228771009e-13,4.879660249804926,1.7314148519067004e-13,True,4.108948237968356,0.6377620935373055,0.09995974477421088,0.19643487129938217,0.8706612467787385,0,0.0,steady_by_tail_change_and_rhs_residual
s0p16486816_q0p2_wscale0p02,0.16486816,0.2,0.02,4.8333333333389445,0.012833333333268906,1.8204999999944536,1600.0,declining_transient,transient_basin,0.9961131929599423,0.11019850931084753,-0.08980149068915248,1.2658374362591012,0.9961131929599423,-0.21307968588468076,0.002203132506115239,4.781153652598619,0.0004607951691570941,True,3.560230140026336,0.0038687432436773244,0.0003111018032051539,0.20003355817127294,0.5575315756514178,0,0.0,window_change_indicates_transient
s0p16486816_q0p2_wscale0p05,0.16486816,0.2,0.05,4.8333333333389445,0.032083333333172266,1.8012499999945502,1600.0,declining_transient,transient_basin,0.6410902559543382,0.19572396791796115,-0.004276032082038861,0.9052976715041436,0.6410902559543382,-0.29184590203444055,1.269957654157845e-06,4.879684176602059,2.602540673118261e-07,True,3.57520216416476,0.01207679566592809,0.002982365329112259,0.20003355817127294,0.5691390331755035,0,0.0,window_change_indicates_transient
s0p16486816_q0p2_wscale0p1,0.16486816,0.2,0.1,4.8333333333389445,0.06416666666634453,1.769166666661378,1600.0,persistent_steady,persistent_basin,0.6416619606747554,0.19554346522096877,-0.00445653477903124,0.64195048887783,0.6416619606747554,-0.00044945553913189286,2.235405532373611e-09,4.879660451301678,4.581067790848651e-10,True,3.6548080252011075,0.035045836980331486,0.017822205939935064,0.20003355817127294,0.5983026506687247,0,0.0,steady_by_tail_change_and_rhs_residual
s0p16486816_q0p2_wscale0p2,0.16486816,0.2,0.2,4.8333333333389445,0.12833333333268906,1.7049999999950334,1600.0,persistent_steady,persistent_basin,0.6416666547119521,0.19554266641113102,-0.004457333588868989,0.641678366978826,0.6416666547119521,-1.825255061823737e-05,5.18872900628135e-11,4.87966025028079,1.0633381711324625e-11,True,3.9845545081783595,0.11376379098741092,0.07626630612717784,0.20003355817127294,0.6872099955174048,0,0.0,steady_by_tail_change_and_rhs_residual
s0p16486816_q0p2_wscale0p5,0.16486816,0.2,0.5,4.8333333333389445,0.32083333333172265,1.5124999999959998,1600.0,persistent_steady,persistent_basin,0.6416666684764123,0.19554266034864856,-0.00445733965135145,0.6416668792682856,0.6416666684764123,-3.285067066731321e-07,3.803603709305015e-13,4.879660249805763,7.794812578306899e-14,True,4.584526812372555,0.32082152600157193,0.164685523046989,0.20003355817127294,0.9029155894482055,0,0.0,steady_by_tail_change_and_rhs_residual
s0p16486816_q0p2_wscale1,0.16486816,0.2,1.0,4.8333333333389445,0.6416666666634453,1.1916666666642772,1600.0,persistent_steady,persistent_basin,0.6416666666817353,0.19554266054439828,-0.004457339455601728,0.6416666341859097,0.6416666666817353,5.064284763252815e-08,1.397707940665958e-13,4.879660249885975,2.8643550351658575e-14,True,4.8300931971641825,0.6220146787043223,0.19515959268090224,0.20003355817127294,1.1732700273637215,0,0.0,steady_by_tail_change_and_rhs_residual
s0p16486816_q0p2_wscale1p5,0.16486816,0.2,1.5,4.8333333333389445,0.962499999995168,0.8708333333325544,1600.0,persistent_steady,persistent_basin,0.6416666662713489,0.19554266051140728,-0.0044573394885927264,0.6416663503949912,0.6416666662713489,4.922750858645869e-07,1.198753954350348e-12,4.879660249906704,2.4566340543345564e-13,True,4.295012884536213,0.578413467665541,0.19386667472447897,0.20967248240724545,0.8706612467787385,0,0.0,steady_by_tail_change_and_rhs_residual
s0p16486816_q0p3_wscale0p02,0.16486816,0.3,0.02,4.8333333333389445,0.012833333333268906,1.8204999999944536,1600.0,recovery_transient,transient_basin,1.2784723912951759,0.00036287374870037274,-0.2996371262512996,0.3417678796115478,1.2784723912951759,2.740762276280273,6.115506830779084e-05,3.7856680198940595,1.6154366412061203e-05,True,3.5584099294903253,0.0008886076451672694,1.2857457731614365e-05,0.3000335581712729,0.5524576996292455,0,0.0,window_change_indicates_transient
s0p16486816_q0p3_wscale0p05,0.16486816,0.3,0.05,4.8333333333389445,0.032083333333172266,1.8012499999945502,1600.0,recovery_transient,transient_basin,1.2325646826054728,0.022632156937519566,-0.2773678430624804,1.0444916367411041,1.2325646826054728,0.18006180159677615,0.002876884475604708,4.051488722679544,0.0007100808301650697,True,3.5590379431603316,0.0023954390662620246,0.00011246685198361464,0.3000335581712729,0.5551817197729692,0,0.0,window_change_indicates_transient
s0p16486816_q0p3_wscale0p1,0.16486816,0.3,0.1,4.8333333333389445,0.06416666666634453,1.769166666661378,1600.0,declining_transient,transient_basin,0.8706055180579003,0.1467162237219986,-0.15328377627800138,1.2476948619285082,0.8706055180579003,-0.3022288184210017,0.00045651457771453744,4.8781519927809045,9.358350834293924e-05,True,3.562119173184969,0.005467280184229747,0.0006354779096090264,0.3000335581712729,0.5599298136738957,0,0.0,window_change_indicates_transient
s0p16486816_q0p3_wscale0p2,0.16486816,0.3,0.2,4.8333333333389445,0.12833333333268906,1.7049999999950334,1600.0,declining_transient,transient_basin,0.6408961836182138,0.19570269413094368,-0.1042973058690563,0.8891382241329779,0.6408961836182138,-0.2791939810672649,6.979760902586617e-07,4.879693887306168,1.4303685976580368e-07,True,3.581681484815234,0.014514435032977873,0.004171623096592127,0.3000335581712729,0.5723850667885227,0,0.0,window_change_indicates_transient
s0p16486816_q0p3_wscale0p5,0.16486816,0.3,0.5,4.8333333333389445,0.32083333333172265,1.5124999999959998,1600.0,persistent_steady,persistent_basin,0.6416667002999479,0.19554257870577063,-0.10445742129422936,0.6414441438051236,0.6416667002999479,0.0003469616130627457,9.398778824042213e-10,4.879660250785856,1.9261133646606984e-10,True,3.813476261263655,0.07232533541671377,0.046822415473148984,0.3000335581712729,0.6418784261515866,0,0.0,steady_by_tail_change_and_rhs_residual
s0p16486816_q0p3_wscale1,0.16486816,0.3,1.0,4.8333333333389445,0.6416666666634453,1.1916666666642772,1600.0,persistent_steady,persistent_basin,0.6416667997826727,0.19554265891344988,-0.10445734108655011,0.6417226414518413,0.6416667997826727,-8.701838701260943e-05,1.9388059731302855e-10,4.879660243541349,3.973239685481099e-11,True,4.033035641443023,0.12631212941309394,0.08424711230638673,0.3000335581712729,0.7004813569183002,0,0.0,steady_by_tail_change_and_rhs_residual
s0p16486816_q0p3_wscale1p5,0.16486816,0.3,1.5,4.8333333333389445,0.962499999995168,0.8708333333325544,1600.0,persistent_steady,persistent_basin,0.6416669529184038,0.19554263787754064,-0.10445736212245935,0.6417309592849635,0.6416669529184038,-9.97401880548115e-05,1.8494538349704895e-10,4.879660236830466,3.790128298300915e-11,True,3.9736277140773137,0.11099529872860507,0.07444541935848017,0.30375111060889115,0.6842567703332215,0,0.0,steady_by_tail_change_and_rhs_residual
s0p16486816_q0p4_wscale0p02,0.16486816,0.4,0.02,4.8333333333389445,0.012833333333268906,1.8204999999944536,1600.0,recovery_transient,transient_basin,0.23227125618446312,1.4625652057488496e-06,-0.3999985374347943,0.002847330163382102,0.23227125618446312,80.57510469687428,8.343566851736241e-07,3.7812645145053776,2.2065546643799535e-07,True,3.5583260463093955,0.00015983218225915796,2.7687897831667393e-07,0.40003355817127295,0.550714354292045,0,0.0,window_change_indicates_transient
s0p16486816_q0p4_wscale0p05,0.16486816,0.4,0.05,4.8333333333389445,0.032083333333172266,1.8012499999945502,1600.0,recovery_transient,transient_basin,0.8974158303350278,7.879031039733565e-06,-0.3999921209689603,0.009713025023300076,0.8974158303350278,91.39303184973406,1.2040051987147703e-06,3.7813469837517837,3.184064313294461e-07,True,3.55833704704526,0.0003999806242471016,2.171203973280981e-06,0.40003355817127295,0.551374632740732,0,0.0,window_change_indicates_transient
s0p16486816_q0p4_wscale0p1,0.16486816,0.4,0.1,4.8333333333389445,0.06416666666634453,1.769166666661378,1600.0,recovery_transient,transient_basin,1.2788550403661436,0.00015138181694335546,-0.39984861818305667,0.12913923013641618,1.2788550403661436,8.902916712568485,2.557346733729544e-05,3.7830993022666743,6.7599249435437475e-06,True,3.5583918081785364,0.0007986126049811483,1.014683456390614e-05,0.40003355817127295,0.5522720416168403,0,0.0,window_change_indicates_transient
s0p16486816_q0p4_wscale0p2,0.16486816,0.4,0.2,4.8333333333389445,0.12833333333268906,1.7049999999950334,1600.0,recovery_transient,transient_basin,1.2736988990753757,0.002815170796501944,-0.39718482920349807,0.6113785754818821,1.2736988990753757,1.0833227563976375,0.0004612796695505739,3.815433534111367,0.00012089836329910229,True,3.5586182677056986,0.001570843172949938,4.5055541898559616e-05,0.40003355817127295,0.5537573900795044,0,0.0,window_change_indicates_transient
s0p16486816_q0p4_wscale0p5,0.16486816,0.4,0.5,4.8333333333389445,0.32083333333172265,1.5124999999959998,1600.0,recovery_transient,transient_basin,1.17591650096079,0.04691841059275997,-0.35308158940724005,1.112993355405785,1.17591650096079,0.056535059485655174,0.004088841848327363,4.316217076456314,0.0009473207153159151,True,3.5597583847797782,0.003362426020550862,0.00023166849930470788,0.40003355817127295,0.5567437516165881,0,0.0,window_change_indicates_transient
s0p16486816_q0p4_wscale1,0.16486816,0.4,1.0,4.8333333333389445,0.6416666666634453,1.1916666666642772,1600.0,declining_transient,transient_basin,1.0902291329003948,0.07912077588568567,-0.32087922411431435,1.2226051688278077,1.0902291329003948,-0.10827374143553681,0.0036647818105945,4.598841490796931,0.0007968923951669906,True,3.5605927618782176,0.004218695741371466,0.00037268496146988854,0.40003355817127295,0.558066912223012,0,0.0,window_change_indicates_transient
s0p16486816_q0p4_wscale1p5,0.16486816,0.4,1.5,4.8333333333389445,0.962499999995168,0.8708333333325544,1600.0,declining_transient,transient_basin,1.1275804681489296,0.06563395489114045,-0.3343660451088596,1.1691881894278036,1.1275804681489296,-0.03558684705773207,0.004046454917772528,4.4913706049890365,0.0009009398853164568,True,3.5603019546901233,0.003940379276611512,0.0003232649970904508,0.4026717560029324,0.5576416951654516,0,0.0,window_change_indicates_transient
s0p16486816_q0p5_wscale0p02,0.16486816,0.5,0.02,4.8333333333389445,0.012833333333268906,1.8204999999944536,1600.0,recovery_transient,transient_basin,0.0016776021949385992,1.9409581761603192e-06,-0.4999980590418238,0.0002781269127865003,0.0016776021949385992,5.031786633415026,4.173359431502067e-05,6.1092186428224515,6.831249093376661e-06,True,4.833170805379261,2.0807669708330353e-05,1.616269971706347e-07,0.5000335581712729,0.5501709397201298,0,0.0,window_change_indicates_transient
s0p16486816_q0p5_wscale0p05,0.16486816,0.5,0.05,4.8333333333389445,0.032083333333172266,1.8012499999945502,1600.0,recovery_transient,transient_basin,0.004762318835114257,1.9617426673176014e-06,-0.4999980382573327,0.0006893419223558339,0.004762318835114257,5.908500238660922,0.0001780019546557788,6.092717739239398,2.9215526186184394e-05,True,4.833170805379261,5.053950181169396e-05,1.6605024745527031e-07,0.5000335581712729,0.550317713658723,0,0.0,window_change_indicates_transient
s0p16486816_q0p5_wscale0p1,0.16486816,0.5,0.1,4.8333333333389445,0.06416666666634453,1.769166666661378,1600.0,recovery_transient,transient_basin,0.012738252869191592,1.997302533739654e-06,-0.49999800269746625,0.001354527851666615,0.012738252869191592,8.404201510894302,0.001283310070528633,6.027567776056359,0.00021290678399775057,True,4.833170805379261,9.618717356492344e-05,1.7654320551357553e-07,0.5000335581712729,0.5504991365611543,0,0.0,window_change_indicates_transient
s0p16486816_q0p5_wscale0p2,0.16486816,0.5,0.2,4.8333333333389445,0.12833333333268906,1.7049999999950334,1600.0,recovery_transient,transient_basin,0.17053484384380516,2.0896517306971794e-06,-0.4999979103482693,0.002583141732953017,0.17053484384380516,65.01838438375263,0.00010167690183380058,3.7815623870444783,2.688753785529036e-05,True,3.5587060258362055,0.00017337409324002132,3.3247267588889583e-07,0.5000335581712729,0.5507567290386051,0,0.0,window_change_indicates_transient
s0p16486816_q0p5_wscale0p5,0.16486816,0.5,0.5,4.8333333333389445,0.32083333333172265,1.5124999999959998,1600.0,recovery_transient,transient_basin,0.5823118001764532,3.309544317068731e-06,-0.49999669045568296,0.005139895274937978,0.5823118001764532,112.29254177916687,2.595679511057874e-07,3.7812791859687493,6.864553986623632e-08,True,3.5583303039277854,0.0003107363800279761,1.2331691116472704e-06,0.5000335581712729,0.5511467124675036,0,0.0,window_change_indicates_transient
s0p16486816_q0p5_wscale1,0.16486816,0.5,1.0,4.8333333333389445,0.6416666666634453,1.1916666666642772,1600.0,recovery_transient,transient_basin,0.6759074321397943,4.6225590960197285e-06,-0.499995377440904,0.006116590229515795,0.6759074321397943,109.50395837834323,4.883346258309008e-07,3.781295607539594,1.291447896475487e-07,True,3.5583339793488253,0.00036251498163280464,1.74202486912808e-06,0.5000335581712729,0.5512807508768903,0,0.0,window_change_indicates_transient
s0p16486816_q0p5_wscale1p5,0.16486816,0.5,1.5,4.8333333333389445,0.962499999995168,0.8708333333325544,1600.0,recovery_transient,transient_basin,0.627502712522121,4.10831785561933e-06,-0.49999589168214437,0.005584016328636993,0.627502712522121,111.37479899620719,3.763722368859975e-07,3.7812875704754947,9.953547035796299e-08,True,3.5583326498980035,0.00034481629838735726,1.5572089433788084e-06,0.5021181461695835,0.5512355350044075,0,0.0,window_change_indicates_transient
s0p16486816_q0p6_wscale0p02,0.16486816,0.6,0.02,4.8333333333389445,0.012833333333268906,1.8204999999944536,1600.0,recovery_transient,transient_basin,0.00010801244793523501,2.682126338213459e-06,-0.5999973178736617,1.927363633532349e-05,0.00010801244793523501,0.8873881159991152,2.1712552090582893e-06,6.116216066418437,3.549997556462624e-07,True,4.833170805379261,1.690087815531224e-06,2.215221511555091e-07,0.6000335581712729,0.5500298599662621,0,0.0,window_change_indicates_transient
s0p16486816_q0p6_wscale0p05,0.16486816,0.6,0.05,4.8333333333389445,0.032083333333172266,1.8012499999945502,1600.0,recovery_transient,transient_basin,0.00026089883356314057,2.6938536152143033e-06,-0.5999973061463848,4.621733768344956e-05,0.00026089883356314057,2.1468149587969103,5.3560423636755965e-06,6.115571734572021,8.758040288199518e-07,True,4.833170805379261,4.053901539744589e-06,2.2266758615347856e-07,0.6000335581712729,0.5500548038565815,0,0.0,window_change_indicates_transient
s0p16486816_q0p6_wscale0p1,0.16486816,0.6,0.1,4.8333333333389445,0.06416666666634453,1.769166666661378,1600.0,recovery_transient,transient_basin,0.0004921969662100654,2.712915630356611e-06,-0.5999972870843696,8.624229676565352e-05,0.0004921969662100654,4.059546694444118,1.0429039704643454e-05,6.1145820868880465,1.7056013896693317e-06,True,4.833170805379261,7.5697474057112456e-06,2.245133040009558e-07,0.6000335581712729,0.5500845713455738,0,0.0,window_change_indicates_transient
s0p16486816_q0p6_wscale0p2,0.16486816,0.6,0.2,4.8333333333389445,0.12833333333268906,1.7049999999950334,1600.0,recovery_transient,transient_basin,0.0008732858234342637,2.7492379220450554e-06,-0.5999972507620779,0.0001503051480415463,0.0008732858234342637,4.810085913975988,1.94886792559384e-05,6.112911805131432,3.188117198023173e-06,True,4.833170805379261,1.3218827815983232e-05,2.2797190630015462e-07,0.6000335581712729,0.5501246276267336,0,0.0,window_change_indicates_transient
s0p16486816_q0p6_wscale0p5,0.16486816,0.6,0.5,4.8333333333389445,0.32083333333172265,1.5124999999959998,1600.0,recovery_transient,transient_basin,0.0015141450811382378,2.844523843073558e-06,-0.599997155476157,0.00025299309945054575,0.0015141450811382378,4.984926404817685,3.684786701527145e-05,6.1099881021236,6.030759209246992e-06,True,4.833170805379261,2.2447034477973957e-05,2.3666570271113036e-07,0.6000335581712729,0.5501802202613635,0,0.0,window_change_indicates_transient
s0p16486816_q0p6_wscale1,0.16486816,0.6,1.0,4.8333333333389445,0.6416666666634453,1.1916666666642772,1600.0,recovery_transient,transient_basin,0.0017215038894750705,2.965319293133135e-06,-0.5999970346807069,0.0002849326067019489,0.0017215038894750705,5.041793213494283,4.307845848708848e-05,6.109010344555961,7.051626377663251e-06,True,4.833170805379261,2.5700189113907275e-05,2.469846483618554e-07,0.6000335581712729,0.5501980598773683,0,0.0,window_change_indicates_transient
s0p16486816_q0p6_wscale1p5,0.16486816,0.6,1.5,4.8333333333389445,0.962499999995168,0.8708333333325544,1600.0,recovery_transient,transient_basin,0.0016126940619816223,3.052130268112449e-06,-0.5999969478697319,0.00026826298357905703,0.0016126940619816223,5.01161606594285,3.976984895779413e-05,6.109525388910548,6.509482558167403e-06,True,4.4203914687024435,2.4532004459057447e-05,2.540700803597972e-07,0.6017087912268221,0.5501917359597551,0,0.0,window_change_indicates_transient
s0p16486816_q0p7_wscale0p02,0.16486816,0.7,0.02,4.8333333333389445,0.012833333333268906,1.8204999999944536,1600.0,extinct_steady,extinct_basin,3.5710278193900735e-06,3.7702553271984153e-06,-0.6999962297446728,6.406362787514215e-07,3.5710278193900735e-06,0.029303915406386518,7.032252161927582e-08,6.1166517719955396,1.149689801555162e-08,True,4.833170805379261,6.536910378263275e-08,3.1122444662641087e-07,0.7000335581712729,0.5500031309471831,0,0.0,steady_by_tail_change_and_rhs_residual
s0p16486816_q0p7_wscale0p05,0.16486816,0.7,0.05,4.8333333333389445,0.032083333333172266,1.8012499999945502,1600.0,extinct_steady,extinct_basin,8.507962132001706e-06,3.7821404086665986e-06,-0.6999962178595913,1.5259599013772913e-06,8.507962132001706e-06,0.06982002230624414,1.6824371796740174e-07,6.116631256050765,2.7505944191252287e-08,True,4.833170805379261,1.559136776258826e-07,3.1221353450514744e-07,0.7000335581712729,0.5500057195634125,0,0.0,steady_by_tail_change_and_rhs_residual
s0p16486816_q0p7_wscale0p1,0.16486816,0.7,0.1,4.8333333333389445,0.06416666666634453,1.769166666661378,1600.0,extinct_steady,extinct_basin,1.5725485606903558e-05,3.8014753893156946e-06,-0.6999961985246106,2.819516931796959e-06,1.5725485606903558e-05,0.129059686751066,3.1167988730329106e-07,6.116601248481762,5.095638486825588e-08,True,4.833170805379261,2.887083571593429e-07,3.138213927209341e-07,0.7000335581712729,0.5500087672161856,0,0.0,steady_by_tail_change_and_rhs_residual
s0p16486816_q0p7_wscale0p2,0.16486816,0.7,0.2,4.8333333333389445,0.12833333333268906,1.7049999999950334,1600.0,extinct_steady,extinct_basin,2.6999864420913545e-05,3.8384235478674205e-06,-0.6999961615764521,4.838422332675668e-06,2.6999864420913545e-05,0.22161442088237876,5.363200911744406e-07,6.116554339867768,8.768336899726376e-08,True,4.833170805379261,4.974961008063452e-07,3.1689012126504486e-07,0.7000335581712729,0.5500127855685434,0,0.0,steady_by_tail_change_and_rhs_residual
s0p16486816_q0p7_wscale0p5,0.16486816,0.7,0.5,4.8333333333389445,0.32083333333172265,1.5124999999959998,1600.0,extinct_steady,extinct_basin,4.444558974493936e-05,3.936654791811772e-06,-0.6999960633452081,7.958361374003093e-06,4.444558974493936e-05,0.3648722837093626,8.852930649015609e-07,6.116481671737765,1.447389385620506e-07,True,4.833170805379261,8.273172525685594e-07,3.2502932256425875e-07,0.7000335581712729,0.5500181925101785,0,0.0,steady_by_tail_change_and_rhs_residual
s0p16486816_q0p7_wscale1,0.16486816,0.7,1.0,4.8333333333389445,0.6416666666634453,1.1916666666642772,1600.0,extinct_steady,extinct_basin,4.9844498291309574e-05,4.065979515361176e-06,-0.6999959340204845,8.92317927783649e-06,4.9844498291309574e-05,0.40921319013473084,9.936134094825167e-07,6.116459161534584,1.6244912019215132e-07,True,4.833170805379261,9.408909527530251e-07,3.3571647932327365e-07,0.7000335581712729,0.5500198901999706,0,0.0,steady_by_tail_change_and_rhs_residual
s0p16486816_q0p7_wscale1p5,0.16486816,0.7,1.5,4.8333333333389445,0.962499999995168,0.8708333333325544,1600.0,extinct_steady,extinct_basin,4.7083784762014876e-05,4.163910847194204e-06,-0.6999958360891527,8.430351542771243e-06,4.7083784762014876e-05,0.38653433219243627,9.381808700700532e-07,6.116470670833995,1.533859836104029e-07,True,4.448495296987471,8.983398284279154e-07,3.4379751760839755e-07,0.7013383059414542,0.5500192619181958,0,0.0,steady_by_tail_change_and_rhs_residual
s0p16486816_q0p8_wscale0p02,0.16486816,0.8,0.02,4.8333333333389445,0.012833333333268906,1.8204999999944536,1600.0,extinct_steady,extinct_basin,3.0177932114543424e-08,5.607547330013403e-06,-0.79999439245267,5.418222115880889e-09,3.0177932114543424e-08,0.0002475970999866253,4.475027147583068e-09,6.11666645207616,7.316120933918384e-10,True,4.833170805379261,6.587050723848581e-10,4.6288028690599005e-07,0.800033558171273,0.5500001518726749,0,0.0,steady_by_tail_change_and_rhs_residual
s0p16486816_q0p8_wscale0p05,0.16486816,0.8,0.05,4.8333333333389445,0.032083333333172266,1.8012499999945502,1600.0,extinct_steady,extinct_basin,7.172318711292719e-08,5.621722635428595e-06,-0.7999943782773646,1.2877399555946978e-08,7.172318711292719e-08,0.0005884578755698021,4.530056995108627e-09,6.1166662792900075,7.406088199460268e-10,True,4.833170805379261,1.5672762733025284e-09,4.640505109106802e-07,0.800033558171273,0.5500002383160295,0,0.0,steady_by_tail_change_and_rhs_residual
s0p16486816_q0p8_wscale0p1,0.16486816,0.8,0.1,4.8333333333389445,0.06416666666634453,1.769166666661378,1600.0,extinct_steady,extinct_basin,1.3210382684157356e-07,5.644752557860999e-06,-0.7999943552474422,2.3718443811711898e-08,1.3210382684157356e-07,0.0010838538302986166,4.864360772729001e-09,6.116666028128162,7.952634246106787e-10,True,4.833170805379261,2.8919180383436515e-09,4.6595170032455326e-07,0.800033558171273,0.5500003606373761,0,0.0,steady_by_tail_change_and_rhs_residual
s0p16486816_q0p8_wscale0p2,0.16486816,0.8,0.2,4.8333333333389445,0.12833333333268906,1.7049999999950334,1600.0,extinct_steady,extinct_basin,2.2563269450448024e-07,5.688694388577322e-06,-0.7999943113056115,4.0511420602056566e-08,2.2563269450448024e-07,0.0018512127390242366,5.8479854270081004e-09,6.116665638947789,9.56074072411467e-10,True,4.833170805379261,4.956343272711635e-09,4.695791814607094e-07,0.800033558171273,0.5500005238871454,0,0.0,steady_by_tail_change_and_rhs_residual
s0p16486816_q0p8_wscale0p5,0.16486816,0.8,0.5,4.8333333333389445,0.32083333333172265,1.5124999999959998,1600.0,extinct_steady,extinct_basin,3.6896408721643163e-07,5.805629278240852e-06,-0.7999941943707218,6.624820383627094e-08,3.6896408721643163e-07,0.0030271588338016066,7.991573718858594e-09,6.116665041741534,1.3065246607950984e-09,True,4.833170805379261,8.178102144700582e-09,4.792321336248809e-07,0.800033558171273,0.5500007412771747,0,0.0,steady_by_tail_change_and_rhs_residual
s0p16486816_q0p8_wscale1,0.16486816,0.8,1.0,4.8333333333389445,0.6416666666634453,1.1916666666642772,1600.0,extinct_steady,extinct_basin,4.138066708002764e-07,5.961726029060795e-06,-0.799994038273971,7.430362300413327e-08,4.138066708002764e-07,0.003395030477961431,8.779522909870075e-09,6.116664852997916,1.4353447705357e-09,True,4.833170805379261,9.280403933252769e-09,4.921175408562268e-07,0.800033558171273,0.5500008091739721,0,0.0,steady_by_tail_change_and_rhs_residual
s0p16486816_q0p8_wscale1p5,0.16486816,0.8,1.5,4.8333333333389445,0.962499999995168,0.8708333333325544,1600.0,extinct_steady,extinct_basin,3.911626428668193e-07,6.083211372010585e-06,-0.7999939167886281,7.024065866048521e-08,3.911626428668193e-07,0.0032092198420633406,8.447428086858613e-09,6.116664945121335,1.381051302081913e-09,True,4.476438994629737,8.851289135856993e-09,5.02145716437583e-07,0.8009546755100676,0.5500007830535643,0,0.0,steady_by_tail_change_and_rhs_residual
s0p16486816_q0p9_wscale0p02,0.16486816,0.9,0.02,4.8333333333389445,0.012833333333268906,1.8204999999944536,1600.0,extinct_steady,extinct_basin,8.981075559351857e-12,9.90135702314297e-06,-0.8999900986429769,1.6148837305487465e-12,8.981075559351857e-12,7.36619182880311e-08,8.011584486194853e-09,6.116666509046663,1.3097958625577462e-09,True,4.833170805379261,2.5213924758818246e-13,8.173196732055443e-07,0.900033558171273,0.550000157600687,0,0.0,steady_by_tail_change_and_rhs_residual
s0p16486816_q0p9_wscale0p05,0.16486816,0.9,0.05,4.8333333333389445,0.032083333333172266,1.8012499999945502,1600.0,extinct_steady,extinct_basin,2.133548677401756e-11,9.921967827976436e-06,-0.899990078032172,3.836353021485815e-12,2.133548677401756e-11,1.7499133752531743e-07,8.028220525547333e-09,6.116666508667318,1.3125156511592289e-09,True,4.833170805379261,5.995349509404524e-13,8.190210410311238e-07,0.900033558171273,0.5500001579543575,0,0.0,steady_by_tail_change_and_rhs_residual
s0p16486816_q0p9_wscale0p1,0.16486816,0.9,0.1,4.8333333333389445,0.06416666666634453,1.769166666661378,1600.0,extinct_steady,extinct_basin,3.9274582878645075e-11,9.955458235165899e-06,-0.8999900445417649,7.062079882698814e-12,3.9274582878645075e-11,3.221250299594626e-07,8.055259123448279e-09,6.1166665080597955,1.3169361306250788e-09,True,4.833170805379261,1.1052778175473691e-12,8.217855863690821e-07,0.900033558171273,0.550000158524601,0,0.0,steady_by_tail_change_and_rhs_residual
s0p16486816_q0p9_wscale0p2,0.16486816,0.9,0.2,4.8333333333389445,0.12833333333268906,1.7049999999950334,1600.0,extinct_steady,extinct_basin,6.704096313911002e-11,1.0019407613666722e-05,-0.8999899805923863,1.2055102473442992e-11,6.704096313911002e-11,5.498586066566702e-07,8.106910907193891e-09,6.116666506926685,1.325380564399481e-09,True,4.833170805379261,1.892044399602045e-12,8.270644404788033e-07,0.900033558171273,0.5500001596000083,0,0.0,steady_by_tail_change_and_rhs_residual
s0p16486816_q0p9_wscale0p5,0.16486816,0.9,0.5,4.8333333333389445,0.32083333333172265,1.5124999999959998,1600.0,extinct_steady,extinct_basin,1.0968703772632637e-10,1.0190329502498153e-05,-0.8999898096704976,1.9724757632817823e-11,1.0968703772632637e-10,8.996228009350854e-07,8.245070037556617e-09,6.116666504029257,1.3479678893929083e-09,True,4.833170805379261,3.118881872734114e-12,8.411735990804343e-07,0.900033558171273,0.5500001624088093,0,0.0,steady_by_tail_change_and_rhs_residual
s0p16486816_q0p9_wscale1,0.16486816,0.9,1.0,4.8333333333389445,0.6416666666634453,1.1916666666642772,1600.0,extinct_steady,extinct_basin,1.2325600607419702e-10,1.0421771236857417e-05,-0.8999895782287631,2.21666095578662e-11,1.2325600607419702e-10,1.0108939651633081e-06,8.432296554541253e-09,6.116666500289393,1.3785771308836769e-09,True,4.833170805379261,3.539729109280672e-12,8.602785210829163e-07,0.900033558171273,0.5500001661204657,0,0.0,steady_by_tail_change_and_rhs_residual
s0p16486816_q0p9_wscale1p5,0.16486816,0.9,1.5,4.8333333333389445,0.962499999995168,0.8708333333325544,1600.0,extinct_steady,extinct_basin,1.1643370796036618e-10,1.0605972997849032e-05,-0.8999893940270022,2.0941009788453162e-11,1.1643370796036618e-10,9.5492698171913e-07,8.581367016282321e-09,6.116666497386069,1.4029483248677252e-09,True,4.504292071713747,3.3698421051014253e-12,8.754839098125023e-07,0.9005254595547686,0.5500001690379585,0,0.0,steady_by_tail_change_and_rhs_residual
